,Year,Movie_name,Role,Actor,Action,Adventure,Comedy,Drama,Thriller,Crime,History,Mystery,Fantasy,Family,Romance,War,Biography,Director,Rating
339,1985,Aa Neram Alpam Dooram ,Alex,Siddique,1,,,,1,,,,,,,,,Thambi Kannanthanam,5.9
261,1986,Padayani,Young Ramesh,Indrajith Sukumaran,,,,1,,,,,,,,,,T.S.Mohan,7.9
340,1987,New Delhi,Siddique,Siddique,,,,,1,1,,,,,,,,Joshiy,7.9
342,1988,Janmandram,Abdu,Siddique,1,,,1,1,,,,,,,,,Thambi Kannanthanam,5.8
341,1988,Witness,Alexander,Siddique,1,,,,1,,,,,,,,,Viji Thampi,5.8
343,1989,Peruvannapurathe Visheshangal,Antappan,Siddique,,,,1,,,,,,,,,,Kamal,7.2
345,1989,Carnivel,Sainu,Siddique,,,,,,1,,,,,1,,,P.G.Vishwambaran,5.9
344,1989,Kaalal Pada,Vichu,Siddique,,,,1,,,,,,,,,,Viji Thampi,6.3
150,1990,Thazhvaram,Balan,Mohanlal,,,,1,,1,,,,,,,,Bharathan,8.1
153,1990,Appu,Appu,Mohanlal,,,1,1,1,,,,,,,,,Dennis Joseph,5.8
151,1990,Arhatha,Devaraaj,Mohanlal,1,,,1,1,,,,,,,,,I.V.Sasi,5.8
146,1990,No.20 Madras Mail,Tony Kurishingal,Mohanlal,,,1,1,1,1,,1,,,,,,Joshiy,7.7
347,1990,Pavam Pavam Rajakumaran,Aravindhan Mash,Siddique,,,,1,,,,,,,,,,Kamal,7.1
148,1990,Mukham,Hariprasad,Mohanlal,,,,,1,1,,1,,,,,,Mohan,7
348,1990,Gajakesariyogam,Ram Mohan IAS,Siddique,,,1,,,,,,,,,,,P.G.Vishwambaran,6.8
145,1990,Akkare Akkare Akkare,C. I. D Ramdas,Mohanlal,,,1,,,,,,,,,,,Priyadarshan,7.6
149,1990,Kadathanadan Ambadi,Kadathanadan Ambadi,Mohanlal,1,1,,1,,,,,,,,,,Priyadarshan,6
350,1990,No.20 Madras Mail,Tony's Friend,Siddique,,,,1,1,,,,,,,,,Priyadarshan,7.7
147,1990,His Highness Abdullah,Abdullah / Anandhan Nampoothiri,Mohanlal,,,,1,1,,,,,,,,,Sibi Malayil,7.9
346,1990,In Harihar Nagar,Govindan Kutty,Siddique,1,,,1,,,,,,,,,,Siddique-Lal,8.6
346,1990,In Harihar Nagar,Govindan Kutty,Siddique,1,,,1,,,,,,,,,,Lal,8.6
152,1990,Indrajaalam,Kannan Nair,Mohanlal,1,,,,1,1,,,,,,,,Thampi Kannanthanam,6.3
349,1990,Kouthuka Varthakal,Pavithran,Siddique,,,1,1,,,,,,,,,,Thulasidas ,5.8
144,1990,Aye Auto,Sudhi,Mohanlal,,,1,,,,,,,,1,,,Venu Nagavalli,7.1
154,1990,Lal Salam,Nettoor Stephan,Mohanlal,,,,1,,,,,,,,,,Venu Nagavalli,7.2
360,1991,Ganamela,Tony Fernadez,Siddique,,,,1,,,,,,,1,,,Ambili,4.2
139,1991,Uncle Bun,Charlie Chacko,Mohanlal,,,1,1,,,,,,,1,,,Bhadran,5.8
137,1991,Vasthuhara,Venugopal,Mohanlal,,,,1,,,,,,,1,,,Govindan Aravindan,6.8
355,1991,Ezhunallathu,Subramaniyam Iyyer,Siddique,,,,1,,,,,,,,,,Harikumar,5.1
359,1991,Georgootty c/o Georgootty,SI Firoz,Siddique,,,,1,,,,,,,,,,K.K.Haridas,6.6
138,1991,Vishnulokam,Shanku,Mohanlal,,,,,,,,,,,,,,Kamal,6.5
141,1991,Ulladakkam,Dr. Sunny,Mohanlal,,,,1,,,,,,,,,,Kamal,7.2
361,1991,Irikku M.D.Akathundu,Sunny,Siddique,,,,1,,,,,,,,,,P.G.Vishwambaran,5.2
362,1991,Innathe Program,Rajendran,Siddique,,,1,,,,,,,,1,,,P.G.Vishwambaran,5.7
354,1991,Nattuvishesham,Aniyankunju,Siddique,,,,1,,,,,,,,,,Paul Njarackel,6.2
140,1991,Kilukkam,Joji,Mohanlal,,,1,,,,,,,1,,,,Priyadarshan,8.6
143,1991,Abhimanyu,Hari Krishnan,Mohanlal,,,,1,,1,,,,,,,,Priyadarshan,7.1
363,1991,Onnam Muhurtham,Kumaran,Siddique,1,,,1,,,,,,,,,,Rahim Chelavoor,4
352,1991,Sandesham,Udayabanu,Siddique,,,,1,,,,,,,,,,Sathyan Anthikkad,9
135,1991,Dhanam,Sivashankaran,Mohanlal,,,,1,,,,,,,,,,Sibi Malayil,6.8
136,1991,Bharatham,Kalloor Gopinathan,Mohanlal,,,,1,,,,,,,,,,Sibi Malayil,8.4
357,1991,Godfather,Veerabadran,Siddique,,,1,1,,,,,,,,,,Siddique-Lal,8.6
357,1991,Godfather,Veerabadran,Siddique,,,1,1,,,,,,,,,,Lal,8.6
358,1991,Mukha Chithram,Kanan,Siddique,,,1,,1,,,,,,,,,Suresh Unnithan,6.2
351,1991,Mookilla Rajyathu,Venu,Siddique,,,1,,,,,,,,,,,Thaaha,7.5
353,1991,Chanchattam,V K Madhusoodanan Nair,Siddique,,,,1,,,,,,,,,,Thulasidas ,4.6
356,1991,Mimics Parade,Sabu,Siddique,,,1,,,,,,,,,,,Thulasidas ,6.4
142,1991,Kizhakkunarum Pakshi,Ananth Moorthy,Mohanlal,,,,1,,,,,,,,,,Venu Nagavalli,6.3
367,1992,Manthrikacheppu,Williams,Siddique,,,1,,,,,,,,,,,Anil,5.9
365,1992,Cheppadividya,SI,Siddique,,,,,,,,,,1,,,,G.S.Vijayan,5.7
366,1992,Apaaratha,Suresh,Siddique,,,,,,,,,,1,,,,I.V.Sasi,6.2
132,1992,Soorya Gayathri,Dr. Balasubramaniam,Mohanlal,,,,1,,,,,,,,,,P.Anil,6.7
131,1992,Adhwaytham,Sivaprasad,Mohanlal,1,,,1,,1,,,,,,,,Priyadarshan,7.1
129,1992,Rajashilpi,Shambhu,Mohanlal,,,,1,,,,,,,1,,,R.Sukumaran,6.4
364,1992,Ayalathe Adheham,Rajeevan,Siddique,,,,1,,,,,,,,,,Rajasenan,6.8
130,1992,Yoddha,Thaiparambil Ashokan,Mohanlal,1,,1,,,,,,,,,,,Sangeeth Sivan,8.4
126,1992,Sadayam,Sathyanadhan,Mohanlal,,,,1,1,,,,,,,,,Sibi Malayil,8.3
127,1992,Kamaladalam,Nandagopan,Mohanlal,,,,1,,,,,,,,,,Sibi Malayil,7.9
134,1992,Vietnam Colony,G. Krishnamurthy,Mohanlal,1,,1,1,,,,,,,,,,Siddique,7.8
128,1992,Aham,Sidharthan,Mohanlal,,,,1,,,,,,,,,,T.Rajeevnath,6.9
133,1992,Naadody,"Sachidanandan, Balakrishnan Bhagavathar",Mohanlal,1,,,1,1,,,,,,,,,Thampi Kannanthanam,5.4
125,1993,Manichithrathazhu,Dr. Sunny Joseph,Mohanlal,,,1,,1,,,1,1,,,,,Fazil,8.7
119,1993,Devaasuram,Mangalassery Neelakandan,Mohanlal,,,1,1,1,,,,,,,,,I.V.Sasi,8.7
118,1993,Mithunam,Sedhumadhavan,Mohanlal,,,1,1,,,,,,,,,,Priyadarshan,7.9
120,1993,Butterflies,Prince,Mohanlal,,,1,1,,,,,,,,,,Rajiv Anchal,6.3
122,1993,Gandharvam,Samuel Alexander,Mohanlal,,,,1,,,,,,,1,,,Sangeeth Sivan,6.4
121,1993,Maya Mayooram,"Krishnan Unni, Narendran",Mohanlal,,,,,,,,,,,1,,,Sibi Malayil,6.6
123,1993,Chenkol,Sedhumadhavan,Mohanlal,1,,,1,,,,,,,,,,Sibi Malayil,7.8
124,1993,Kalippattam,Venu,Mohanlal,,,,1,,,,,,,,,,Venu Nagavalli,7
116,1994,Pakshe,Balachandran,Mohanlal,,,,1,,,,,,,1,,,Mohan,7.1
114,1994,Thenmavin Kombath,Manikyan,Mohanlal,,,1,1,,,,,,,1,,,Priyadarshan,8.1
117,1994,Minnaram,Boby,Mohanlal,,,1,1,,,,,,,,,,Priyadarshan,7.5
113,1994,Pavithram,Unnikrishnan,Mohanlal,,,1,1,,,,,,,,,,Rajeev Kumar,7.9
115,1994,Pingami,Captain Vijay Menon,Mohanlal,1,,1,1,1,,,,,,,,,Sathyan Anthikkad,7.4
109,1995,Sphadikam,"Thomas ""Aadu Thoma"" Chacko",Mohanlal,1,,,1,,,,,,,,,,Bhadran,8.6
110,1995,Thacholi Varghese Chekavar,Thacholi Varghese Chekavar,Mohanlal,1,,,1,,,,,,,,,,Rajeev Kumar,5.2
108,1995,Nirnayam,Dr. Roy Alex,Mohanlal,1,,,,1,,,,,,,,,Sangeeth Sivan,7.1
111,1995,Manthrikam,Stephen Ronald / Alby Romeo Higuitta,Mohanlal,1,,1,1,1,,,,,,,,,Thampi Kannanthanam,6.3
112,1995,Agnidevan,Aniyankuttan / Ravi Varma,Mohanlal,,,,1,,,,,,,,,,Venu Nagavalli,5.8
106,1996,Kaalapani,Dr. Govardhan,Mohanlal,1,,,1,,,1,,,,,,,Priyadarshan,8.4
107,1996,The Prince,Jeeva,Mohanlal,1,,,,1,,,,,,,,,Suresh Krishnan,4.4
101,1997,Varnapakittu,Sunny Palamattom,Mohanlal,1,,,1,1,,,,,,1,,,I.V.Sasi,5.8
102,1997,Oru Yathramozhi,Govindankutty,Mohanlal,,,,1,,,,,,,,,,Prathap Pothen,6.9
103,1997,Chandralekha,Appukuttan / Alfy,Mohanlal,,,1,,,,,,,,1,,,Priyadarshan,7.5
104,1997,Guru,Reghuraman,Mohanlal,,,,1,,,,,1,,,,,Rajiv Anchal,8.5
105,1997,Aaraam Thampuran,Jagannadhan,Mohanlal,1,,,1,,,,,,,,,,Shaji Kailas,8
96,1998,Kanmadam,Vishwanathan,Mohanlal,,,,1,,,,,,,,,,A.K.Lohithadas,7.2
97,1998,Harikrishnans,Adv. Krishnan,Mohanlal,,,1,,,1,,1,,,1,,,Fazil,6.9
236,1998,Pathram,Firoz Mohammed,Biju Menon,1,,,,1,,,,,,,,,Joshiy,7
99,1998,Ayal Kadha Ezhuthukayanu,Sagar Kottappuram / Vidyasagar,Mohanlal,,,1,1,,,,,,,1,,,Kamal,7
235,1998,Oru Maravathoor Kanavu,Michael,Biju Menon,,,1,1,,,,,,,,,,Lal Jose,6.9
100,1998,Summer in Bethlahem,Niranjan,Mohanlal,,,1,1,,,,,,,,,,Sibi Malayil,7.8
237,1998,Kannezhuthi Pottum Thottu,Uthaman,Biju Menon,,,,1,,,,,,,,,,T.K.Rajeev Kumar,7.1
98,1998,Rakthasakshikal Sindabad,Siva Subrahmanya Iyyer,Mohanlal,1,,,1,,,,,,,,,,Venu Nagavalli,5.8
94,1999,Olympiyan Anthony Adam,Chakkummoottil Varghese Antony,Mohanlal,,,,,1,1,,,,,,,,Bhadran,6.5
238,1999,Chandranudikkunna Dikhil,Radha's Husband,Biju Menon,,,,,,,,,,,1,,,Lal Jose,6.8
95,1999,Vanaprastham,Kunjikuttan,Mohanlal,,,,1,,,,,,,,,,Shaji N.Karun,8.2
93,1999,Ustaad,Parameswaran / Ustaad,Mohanlal,1,,,1,1,,,,,,,,,Sibi Malayil,6.5
58,2000,Arayannagalude Veedu,Ravindranath,Mammmootty,,,,1,,,,,,,,,,A.K.Lohithadas,7
372,2000,Arayannangalude Veedu,Suresh Nair,Siddique,,,,1,,,,,,,,,,A.K.Lohithadas,7
90,2000,Life is Beautiful,Vinaya Chandran,Mohanlal,,,1,1,,,,,,,,,,Fazil,6.3
91,2000,Sraddha,Gangaprasad IPS,Mohanlal,,,,,1,1,,,,,,,,I.V.Sasi,3.6
185,2000,Madhuranombarakattu,Vishnu,Biju Menon,,,,1,,,,,,,,,,Kamal,6.5
186,2000,Mazha,Sastrigal,Biju Menon,,,,1,,,,,,,,,,Lenin Rajendran,6.9
368,2000,Sathyameva Jayate,Balasubhramanyar,Siddique,1,,,,,,,,,,,,,Milap Zavier,5.7
371,2000,Kochu Kochu Santhoshangal,Ramesh,Siddique,,,,1,,,,,,,,,,Sathyan Anthikkad,6.9
56,2000,Valliettan,Arackal Madhavanunni,Mammmootty,1,,,1,,,,,,,,,,Shaji Kailas,6.6
57,2000,Narasimham,Nandagopal Marar (cameo),Mammmootty,1,,,1,,,,,,,,,,Shaji Kailas,7.5
89,2000,Narasimham,Poovalli Indrachoodan,Mohanlal,1,,,1,,,,,,,,,,Shaji Kailas,7.5
370,2000,Valyettan,Arakkal Raghu,Siddique,1,,,,1,,,,,,,,,Shaji Kailas,6.6
92,2000,Devadoothan,Vishal Krishnamoorthy,Mohanlal,,,,1,,,,1,1,,,,,Sibi Malayil,7.5
369,2000,Dany,Freddy,Siddique,,,1,1,,,,,,,,,,T.V.Chandran,7.1
55,2000,Dada Sahib,Abubacker/Dada Sahib,Mammmootty,1,,,1,,,,,,,,,,Vinayan,4.7
374,2001,Uthaman,SI Jayaraj,Siddique,1,,,1,,,,,,,,,,"Anil Kumar,Babu Narayanan",5.5
87,2001,Unnathangalil,Rakshakan,Mohanlal,,,,1,,,,,,,,,,Jomon,3.6
59,2001,Dubai,Ravi Mamman,Mammmootty,1,,,,1,,,,,,,,,Joshiy,3.8
86,2001,Praja,Zakir Ali Hussain,Mohanlal,1,,,,,,,,,,,,,Joshiy,3.8
187,2001,Meghamalhaar,Rajeev Menon,Biju Menon,,,,,,,,,,,1,,,Kamal,7.2
189,2001,Randaam Bhaavam,Jeevan,Biju Menon,1,,,1,,,,,,,,,,Lal Jose,6.9
179,2001,Aparanmaar Nagarathil,Sahadevan,Jayasurya,,,,,,,,,,,,,,Nisar,3.3
84,2001,Kakkakuyil,Sivaraman,Mohanlal,,,1,,,,,,,,1,,,Priyadarshan,6.3
85,2001,Ravanaprabhu,"Mangalassery Neelakandan, Karthikeyan",Mohanlal,1,,,1,,,,,,,1,,,Ranjith,7
373,2001,Ravanaprabhu,S.P.Sreenivasan,Siddique,1,,,1,,,,,,,,,,Ranjith,7
88,2001,Achaneyanenikkishtam,Mahadevan,Mohanlal,,,1,1,,,,,,,,,,Suresh Krishnan,4.8
188,2001,Achaneyaanenikkishtam,Anand,Biju Menon,,,1,1,,,,,,,,,,Suresh Krishnan,4.8
375,2001,Naranathu Thampuran,Dr.Rajeev,Siddique,,,,1,,,,,,,,,,Viji Thampi,4.4
60,2001,Rakshasa Rajav,Ramanadhan IPS,Mammmootty,1,,,,,1,,,,,,,,Vinayan,4.7
85,2002,Stop Violence,Saathaan,Prithviraj Sukumaran,1,,,1,,1,,,,,,,,A.K.Sajan,6.4
63,2002,Phantom,Phantom Phaliey,Mammmootty,1,,1,1,,,,,,,,,,Biju Varkey,4.7
62,2002,Kai Ethum Doorathu,Gopinathan,Mammmootty,,,,1,,,,,,,1,,,Fazil,3.4
376,2002,Kai Ethum Doorathu,Babunath,Siddique,,,,1,,,,,,,1,,,Fazil,3.4
83,2002,Chathurangam,Aatiprackal Jimmy Jacob,Mohanlal,1,,,1,1,,,,,,,,,K.Madhu,3
263,2002,Meesha Madavan,Eapen Pappachi,Indrajith Sukumaran,,,1,1,,,,,,,,,,Lal Jose,7.9
377,2002,Puthooramputhri Unniyarcha,Aromal Chekavar,Siddique,,,,1,,,,,,,,,,P.G.Vishwambaran,3.2
87,2002,Nakshathrakannula Rajakumaran Avanundoru Rajakumari,Anandu,Prithviraj Sukumaran,,,1,1,,,,,,,1,,,Rajasenan,3.3
86,2002,Nandanam,Manu Nandakumar,Prithviraj Sukumaran,,,1,1,,,,,,,1,,,Ranjith,7.3
380,2002,Nandanam,Balan,Siddique,,,,1,,,,,1,,,,,Ranjith,7.3
379,2002,Yathrakarude Sradhakku,Dr.Pradeep,Siddique,,,,1,,,,,,,1,,,Sathyan Anthikkad,6.8
82,2002,Thandavam,Kashinathan,Mohanlal,1,,,1,,,,,,,,,,Shaji Kailas,2.9
190,2002,Shivam,Bhadran K Menon,Biju Menon,,,,1,1,,,,,,,,,Shaji Kailas,4.3
239,2002,Chronic Bachelor,Hareendran,Biju Menon,,,1,1,,,,,,,,,,Siddique,6.5
378,2002,Kalachakram,Rajeev George,Siddique,1,,,,,,,,,,,,,Sonu Sisupal,3.9
61,2002,Dany,Danniel Thomson,Mammmootty,,,1,1,,,,,,,,,,T.V.Chandran,7.2
81,2002,Onnaman,Ravishankar,Mohanlal,1,,,1,1,,,,,,,,,Thampi Kannanthanam,2.8
177,2002,Pranayamanithooval,Vinod,Jayasurya,,,1,1,,,,,,,,,,Thulasidas ,0
176,2002,Kattuchembakam,Chandru,Jayasurya,,,,,,,,,,,1,,,Vinayan,3
178,2002,Oomapenninu Uriyadappayan,Bobby,Jayasurya,1,,1,1,,,,,,,,,,Vinayan,5
262,2002,Oomapenninu Uriyadappayan,Shyam Gopal Vama,Indrajith Sukumaran,,,1,1,,,,,,,,,,Vinayan,5
80,2003,Chakram,Chandrahasan,Prithviraj Sukumaran,1,,1,1,,,,,,,,,,A.K.Lohithadas,4.3
382,2003,Sadhanandante Samayam,Sudhakaran,Siddique,,,,,,,,,,,1,,,Aku Akbar,5.4
84,2003,Vellithira,Style Raj (Raghuram),Prithviraj Sukumaran,1,,1,1,,,,,,,,,,Bhadran,3.9
82,2003,Swapnakoodu,Kunjoonju (Alex Chandi),Prithviraj Sukumaran,,,1,1,,,,,,,,,,Kamal,6.3
175,2003,Swapnakoodu,Krishnamoorthy,Jayasurya,,,1,1,,,,,,,,,,Kamal,6.3
64,2003,Pattalam,Pattabhi Raman,Mammmootty,1,,1,1,,,,,,,,,,Lal Jose,5.1
191,2003,Pattaalam,Benny,Biju Menon,,,1,1,,,,,,,,,,Lal Jose,5.1
264,2003,Pattaalam,Nandakumar,Indrajith Sukumaran,,,1,1,,,,,,,,,,Lal Jose,5.1
192,2003,Anyar,Suraj Nambiar,Biju Menon,,,,1,,,,,,,,,,Lenin Rajendran,4.2
81,2003,Ammakillikoodu,Vivek,Prithviraj Sukumaran,,,1,1,,,,,,,,,,M.Padmakumar,5.3
78,2003,Kilichundan Mampazham,Abdul Khader,Mohanlal,,,1,,,,,,,,1,,,Priyadarshan,5.8
265,2003,Mizhi Randilum,Dr.Arun,Indrajith Sukumaran,,,,1,,,,,,,,,,Ranjith,5.8
383,2003,Mizhi Randilum,Dr.Menon,Siddique,,,,1,,,,,,,,,,Ranjith,5.8
385,2003,Manassinakkare,Tony Kombanakkadan,Siddique,,,,1,,,,,,1,,,,Sathyan Anthikkad,7.4
174,2003,Pulival Kalyanam,Harikrishnan,Jayasurya,,,1,,,,,,,,,,,Shafi,6.8
381,2003,Ente Veedu Appuvinteyum,C.I,Siddique,,,,1,,,,,,,,,,Sibi Malayil,6.7
65,2003,Chronic Bachelor,Sathyaprathapan,Mammmootty,,,1,1,,,,,,,,,,Siddique,6.5
77,2003,Mr. Brahmachari,Ananthan Thampi,Mohanlal,,,1,1,,,,,,,,,,Thulasidas,3.6
266,2003,Mullavalliyum Thenmavum,Andrew,Indrajith Sukumaran,,,,1,,,,,,,1,,,V.K.Prakash,4.8
79,2003,Balettan,Athaniparambil Balachandran,Mohanlal,,,1,1,,,,,,,,,,V.M.Vinu,6.3
83,2003,Meerayude Dukhavum Muthuvinte Swapnavum,Muthu,Prithviraj Sukumaran,,,,1,,,,,,,,,,Vinayan,3.6
384,2003,War And Love,Capt. Kabeer,Siddique,,,,,1,,,,,,,1,,Vinayan,2.2
80,2003,Hariharan Pillai Happy Aanu,Hariharan Pillai,Mohanlal,,,1,1,,,,,,,,,,Viswanathan Vaduthala,2.8
386,2004,Sasneham Sumithra,C.I,Siddique,,,,1,1,,,,,,,,,Ambadi Krishnan,5.5
68,2004,Kaazhcha,Madhavan,Mammmootty,,,,1,,,,,,,,,,Blessy,8.2
73,2004,Vismayathumbathu,Sreekumar,Mohanlal,,,1,,1,,,1,,,,,,Fazil,5
76,2004,Mampazhakkalam,Puramanayil Chandran,Mohanlal,,,1,1,,,,,,,,,,Joshiy,4.3
267,2004,Runway,Balu Damodar,Indrajith Sukumaran,1,,,,1,,,,,,,,,Joshiy,6.7
71,2004,Sethurama Iyer CBI,Sethurama Iyer,Mammmootty,,,,,1,,,1,,,,,,K.Madhu,7.2
387,2004,Sethurama Iyer CBI,Balagopal,Siddique,,,,,1,,,1,,,,,,K.Madhu,7.2
598,2004,Sethurama Iyer CBI,Broker,Suraj Venjaramoodu,,,,,1,,,1,,,,,,K.Madhu,7.2
240,2004,Perumazhakkalam,John Kuruvila,Biju Menon,,,,1,,,,,,,,,,Kamal,7.1
389,2004,Chathikkatha Chanthu,Vaumathi's Uncle,Siddique,,,,1,,,,,,,,,,Meccartin,6.8
74,2004,Wanted,Narayana Swamy,Mohanlal,1,,,,1,1,,,,,,,,Murali Nagavally,4.7
70,2004,Vajram,Devarajan,Mammmootty,1,,,1,,,,,,,,,,Pappan,3.2
171,2004,Chathikkatha Chanthu,Chanthu,Jayasurya,,,,1,,,,,,,,,,Raffi,6.8
67,2004,Black,Karikkamuri Shanmukhan,Mammmootty,1,,,,1,1,,,,,,,,Ranjith,6.4
69,2004,Aparichithan,Raghuram,Mammmootty,,1,,,1,,,1,1,,,,,Sanjiv Sivan,5.1
75,2004,Natturajavu,Pulikkattil Charlie,Mohanlal,1,,,1,1,,,,,,,,,Shaji Kailas,4.5
390,2004,Natturajavu,Pathiriveettil Sunny,Siddique,,,,1,1,,,,,,,,,Shaji Kailas,4.5
170,2004,Greetings,Janakarajan,Jayasurya,,,1,,,,,,,,1,,,Shajoon Karyal,3.5
78,2004,Akale,Neil,Prithviraj Sukumaran,,,,1,,,,,,,,,,Shyamaprasad,6.8
72,2004,Vamanapuram Bus Route,Lever Johny,Mohanlal,1,,1,1,,,,,,,,,,Sonu Sisupal,2.2
77,2004,Kadha,Nandan Menon,Prithviraj Sukumaran,,,,,,,,,,,1,,,Sundar Das,3.3
172,2004,Kerala House Udan Vilpanaku,Sarvesh,Jayasurya,,,1,,,,,,,,,,,Thaaha,3.8
66,2004,Vesham,Appu,Mammmootty,,,,1,,,,,,,,,,V.M.Vinu,5.9
268,2004,Vesham,Hariprasad,Indrajith Sukumaran,,,,1,,,,,,,,,,V.M.Vinu,5.9
76,2004,Sathyam ,Sanjeev Kumar,Prithviraj Sukumaran,1,,,,1,,,,,,,,,Vinayan,4.4
79,2004,Vellinakshathram,Vinod Varma Chandrachoodan,Prithviraj Sukumaran,,,,,,,,1,1,,,,,Vinayan,4.8
173,2004,Vellinakshathram,Indu's Fiancee,Jayasurya,,,,,,,,1,1,,,,,Vinayan,4.8
388,2004,Vellinakshathram,Manavenda Varma/Mahendra Varma,Siddique,,,,,,,,1,1,,,,,Vinayan,4.8
73,2005,Rajamanikyam,Bellary Raja,Mammmootty,1,,1,,,,,,,,,,,Anwar Rasheed,7.7
69,2005,Udayon,"Shooranad Pappoyi, Shooranad Kunju",Mohanlal,1,,,1,,,,,,1,,,,Bhadran,4.3
71,2005,Thanmathra,Rameshan Nair,Mohanlal,,,,1,,,,,,,,,,Blessy,8.4
72,2005,Devanamathil,Anwar,Prithviraj Sukumaran,,,,1,,,,,,,,,,Jayaraj,6.3
70,2005,Naran,Mullankolli Velayudhan,Mohanlal,1,,,,1,,,,,,,,,Joshiy,7.2
392,2005,Naran,Gopinathan Nambiar,Siddique,1,,,,1,,,,,,,,,Joshiy,7.2
271,2005,Deepangal Sakshi,Rishikesh,Indrajith Sukumaran,,,,1,,,,,,,,,,K.B.Madhu,3
74,2005,Nerariyan CBI,Sethurama Iyer,Mammmootty,,,,,1,,,1,,,,,,K.Madhu,5.9
75,2005,Rappakal,Krishnan,Mammmootty,,,1,1,,,,,,,,,,Kamal,7.2
241,2005,Chanthupottu,Freddy,Biju Menon,,,,1,,,,,,,1,,,Lal Jose,6.6
272,2005,Chanthupottu,Komban Kumaran,Indrajith Sukumaran,,,,1,,,,,,,1,,,Lal Jose,6.6
76,2005,Thaskara Veeran,Arakkal Baby,Mammmootty,1,,1,,,,,,,,1,,,Pappan,2.7
168,2005,Immini Nalloral,Jeevan,Jayasurya,,,1,,,,,,,,1,,,Rajasenan,2.4
68,2005,Chandrolsavam,Chirakkal Sreehari,Mohanlal,1,,,1,1,,,,,,,,,Ranjith,6.4
67,2005,Udayananu Tharam,Udayabhanu,Mohanlal,,,1,,,,,,,,,,,Roshan Andrews,7.9
71,2005,Anathabhadram,Anandan,Prithviraj Sukumaran,,,,1,,,,,1,,,,,Santosh Sivan,7.2
242,2005,Anandabhadram,Siva Ram,Biju Menon,,,,1,,,,,1,,,,,Santosh Sivan,7.2
597,2005,Achuvinte Amma,Bus Conductor,Suraj Venjaramoodu,,,1,1,,,,,,,,,,Sathyan Anthikkad,6.9
269,2005,Finger Print ,Kishore Varma,Indrajith Sukumaran,,,,,,1,,1,,,,,,Satish Paul,4.7
77,2005,Thommanum Makkalum,Sivan,Mammmootty,1,,1,1,,,,,,,,,,Shafi,6.6
73,2005,Police,Shekar,Prithviraj Sukumaran,,,,,1,1,,,,,,,,V.K.Prakash,4.2
270,2005,Police,Anandh,Indrajith Sukumaran,,,,,1,,,,,,,,,V.K.Prakash,4.2
72,2005,Bus Conductor,Zakir Hussain,Mammmootty,1,,1,,,,,,,,,,,V.M.Vinu,3.8
169,2005,Bus Conductor,Najeeb,Jayasurya,,,1,,,,,,,,,,,V.M.Vinu,3.8
596,2005,Bus Conductor,Bus Conductor,Suraj Venjaramoodu,1,,,1,,,,,,,,,,V.M.Vinu,3.8
74,2005,Krithyam,Sathya Christy Lopez,Prithviraj Sukumaran,1,,,,1,,,,,,,,,Viji Thampi,3.9
273,2005,Krithyam,Ramdas Menon,Indrajith Sukumaran,1,,,,1,,,,,,,,,Viji Thampi,3.9
391,2005,Krithyam,ACP Surya Narayanan,Siddique,1,,,,1,,,,,,,,,Viji Thampi,3.9
75,2005,Albudhadweep,Hari,Prithviraj Sukumaran,1,1,1,,,,,,,,,,,Vinayan,5.4
166,2006,Smart City,Varun,Jayasurya,1,,,,1,,,,,,,,,B.Unnikrishnan,4.8
78,2006,Palunku,Monichan,Mammmootty,,,,1,,,,,,,,,,Blessy,6.4
83,2006,Balram vs. Tharadas,Balaram/Tharadas,Mammmootty,1,,,,1,1,,,,,,,,I.V.Sasi,2.9
84,2006,Thuruppu Gulan,Kunjumon aka Gulan,Mammmootty,1,,1,,,,,,,,,,,Johny Antony,5
81,2006,Bhargava Charitham Moonam Khandam,Current Bharghavan,Mammmootty,1,,1,,,,,,,,,,,Jomon,3
80,2006,Pothen Vava,Pothen Vava,Mammmootty,1,,1,1,,,,,,,,,,Joshiy,4.1
79,2006,Karutha Pakshikal,Murugan,Mammmootty,,,,1,,,,,,,,,,Kamal,6.9
69,2006,Classmates,Sukumaran,Prithviraj Sukumaran,,,,1,,,,1,,,1,,,Lal Jose,8.1
165,2006,Classmates,Satheeshan Kanjikuzhy,Jayasurya,,,,1,,,,1,,,1,,,Lal Jose,8.1
274,2006,Achanurangatha Veedu,Police Officer,Indrajith Sukumaran,,,,,,,,,,1,,,,Lal Jose,3
275,2006,Classmates,Pious George,Indrajith Sukumaran,,,,1,,,,1,,,,,,Lal Jose,8.1
594,2006,Classmates,Ousepp,Suraj Venjaramoodu,,,,1,,,,1,,,,,,Lal Jose,8.1
67,2006,Pakal,Nandakumar,Prithviraj Sukumaran,,,,,,,,,,,,,,M.A.Nishad,6.6
68,2006,Vasthavam,Balachandran Adiga,Prithviraj Sukumaran,1,,,,1,1,,,,,,,,M.Padmakumar,7.1
70,2006,Vargam,Solomon Joseph,Prithviraj Sukumaran,1,,,,,1,,,,,,,,M.Padmakumar,6.1
244,2006,Keerthi Chakra,Gopinath,Biju Menon,1,,,,,,,,,,,1,,Major Ravi,7.1
63,2006,Keerthi Chakra,Major Mahadevan,Mohanlal,1,,,1,,,,,,,,1,,Major Revi,7.1
65,2006,Photographer,"Dijo John, Joy John",Mohanlal,1,,1,1,,,,,,,,,,Ranjan Pramod,4.6
82,2006,Prajapathi,Devarmadam Narayanan,Mammmootty,1,,,,1,,,,,,,,,Ranjith,3.8
393,2006,Prajapathi,Kaliyarmadom Giri,Siddique,1,,,,1,,,,,,,,,Ranjith,3.8
64,2006,Mahasamudram,Isahak,Mohanlal,1,,,1,,,,,,,,,,S.Janardhanan,2.8
60,2006,Kilukkam Kilukilukkam,Joji,Mohanlal,,,1,,,,,,,,,,,Sandhya Mohan,2.3
167,2006,Kilukkam Kilukilukkam,Balu,Jayasurya,,,1,,,,,,,,,,,Sandhya Mohan,2.3
61,2006,Rasathanthram,Premachandran,Mohanlal,,,1,1,,,,,,1,,,,Sathyan Anthikkad,6.5
595,2006,Rasathantharam,Suresh,Suraj Venjaramoodu,,,,1,,,,,,,,,,Sathyan Anthikkad,6.5
66,2006,Baba Kalyani,Baba Kalyani,Mohanlal,1,,,1,1,,,1,,,,,,Shaji Kailas,5.4
245,2006,Baba Kalyani,CI Thomas,Biju Menon,1,,,,1,,,,,,,,,Shaji Kailas,5.4
277,2006,Baba Kalyani,Babu,Indrajith Sukumaran,1,,,,1,,,,,,,,,Shaji Kailas,5.4
394,2006,Baba Kalyani,DIG Raghupathi,Siddique,1,,,,1,,,,,,,,,Shaji Kailas,5.4
62,2006,Vadakkumnathan,Iringannoor Bharatha Pisharadi,Mohanlal,,,,1,,,,,,,1,,,Shajoon Karyal,6.5
243,2006,Vadakkumnadhan,Prabhakara Pisharadi,Biju Menon,,,,1,,,,,,,1,,,Shajoon Karyal,3.5
276,2006,Oruvan,Sivan,Indrajith Sukumaran,,,,1,,,,,,,,,,Vinoo Anand,6.2
89,2007,Big B,Bilal John Kurishinkal,Mammmootty,1,,,,1,1,,,,,,,,Amal Neerad,7.6
193,2007,Bharathan Effect,Bharathan,Biju Menon,,,1,,,,,,,,,,,Anil Das,4.9
54,2007,Chotta Mumbai,"Vasco da ""Thala"" Gama",Mohanlal,1,,1,,,1,,,,,,,,Anwar Rasheed,6.9
278,2007,Chotta Mumbai,Thomichan,Indrajith Sukumaran,1,,,,,,,,,,,,,Anwar Rasheed,6.9
592,2007,Chotta Mumbai,Suni,Suraj Venjaramoodu,1,,,,,,,,,,,,,Anwar Rasheed,6.9
65,2007,Kaakki,Unnikrishnan,Prithviraj Sukumaran,1,,,,1,,,,,,,,,Bipin Prabhakar,3.8
280,2007,Ayur Rekha,Anand,Indrajith Sukumaran,,,1,,1,,,,,,,,,G.M.Manu,4.1
86,2007,Nazrani,David John Kottarathil,Mammmootty,1,,,1,,,,1,,,,,,Joshiy,4.2
395,2007,Nadiya Kollappetta Rathri,Usthad Ghulam Musafir,Siddique,1,,,,1,,,,,,,,,K.Madhu,5.8
64,2007,Veeralipattu,Hari,Prithviraj Sukumaran,,,,1,,,,,,,,,,Kukku Surendran,5.3
162,2007,Arabikadha,Sidarthan,Jayasurya,,,,1,,,,,,,,,,Lal Jose,7.5
279,2007,Arabikadha,Anwar,Indrajith Sukumaran,,,,1,,,,,,,,,,Lal Jose,7.5
85,2007,Katha Parayumbol,Ashok Raj,Mammmootty,,,1,1,,,,,,,,,,M.Mohanan,7.6
589,2007,Katha Parayumbol,Pappan Kudumaloor,Suraj Venjaramoodu,,,,1,,,,,,,,,,M.Mohanan,7.6
88,2007,Mission 90 Days,Major Sivaram,Mammmootty,1,,,,1,1,1,,,,,,,Major Ravi,6.3
57,2007,Paradesi,Valiyakathu Moosa,Mohanlal,,,,1,,,,,,,,,,P.T.Kunju Muhammed,6.9
593,2007,Sketch,Bhaskaran,Suraj Venjaramoodu,1,,,,1,,,,,,,,,Prasad Yadav,2
62,2007,Mozhi,Karthik,Prithviraj Sukumaran,,,1,,,,,,,,1,,,Radha Mohan,8
55,2007,Hallo,Sivaraman,Mohanlal,,,1,,,,,1,,,,,,Raffi,6.6
396,2007,Hallo,Mahesh Bhai,Siddique,,,1,,,,,1,,,,,,Raffi,6.6
591,2007,Hallo,Inspector,Suraj Venjaramoodu,,,1,,,,,1,,,,,,Raffi,6.6
61,2007,Kangaroo,Josekutty,Prithviraj Sukumaran,,,1,1,,,,,,,1,,,Raj Babu,3.8
158,2007,Kangaroo,Monichan,Jayasurya,,,1,1,,,,,,,1,,,Raj Babu,3.8
91,2007,Kaiyoppu,Balachandran,Mammmootty,,,,1,,,,,,,,,,Ranjith,8
58,2007,Rock N' Roll,Chandramouli,Mohanlal,,,1,1,,,,,,,,,,Ranjith,3.7
397,2007,Rock & Roll,Gunasekharan,Siddique,,,,1,,,,,,,,,,Ranjith,3.7
590,2007,Rock & Roll,Music Composer Maharaja(P.P.Shiju),Suraj Venjaramoodu,,,,1,,,,,,,,,,Ranjith,3.7
164,2007,Changathipoocha,Sivankutty,Jayasurya,,,1,,,,,,,,1,,,S.P.Mahesh,2.8
161,2007,Kichamani MBA,Sajan,Jayasurya,1,,,,,,,,,,,,,Samad Mankada,2.8
90,2007,Mayavi,Mahi aka Mayavi,Mammmootty,1,,1,1,,,,,,,,,,Shafi,6.8
63,2007,Chocolate,Shyam Balagopal,Prithviraj Sukumaran,,,1,,,,,,,,1,,,Shafi,6.2
160,2007,Chocolate,Renjith,Jayasurya,,,1,,,,,,,,1,,,Shafi,6.2
56,2007,Alibhai,"Anwar ""Ali Bhai"" Ali",Mohanlal,1,,,,,,,,,,,,,Shaji Kailas,3.2
87,2007,Ore Kadal,Dr. S. R. Nathan,Mammmootty,,,,1,,,,,,,1,,,Shyamaprasad,7.2
59,2007,Flash,Dr. Midhun Madhav,Mohanlal,,,,1,1,,,1,,,,,,Sibi Malayil,3.2
283,2007,Flash,Priyan,Indrajith Sukumaran,,,,1,1,,,,,,,,,Sibi Malayil,3.2
66,2007,Avan Chandiyude Makan,Kurian Chandy,Prithviraj Sukumaran,1,,,1,,,,,,,,,,Thulasidas,6.2
159,2007,Hareendran Oru Nishkalankan,Gopalakrishnan,Jayasurya,,,,1,,,,,,,,,,Vinayan,2.9
163,2007,Athishayan,Roy,Jayasurya,1,,1,1,,,,,,,,,,Vinayan,2.9
282,2007,Hareendran Oru Nishkalankan,Hareedra Varma,Indrajith Sukumaran,,,,1,,,,,,,,,,Vinayan,2.9
281,2007,Heart Beats,Binoy Idikulla,Indrajith Sukumaran,,,1,1,,,,,,,,,,Vinoo Anand,4.3
284,2008,Kanal Kanadi,Vivek Iyer,Indrajith Sukumaran,,,,1,,,,,,,,,,AK Jayan Poduval,2.6
585,2008,Veruthe Oru Bharya,Ali,Suraj Venjaramoodu,,,,1,,,,,,,,,,Aku Akbar,6.3
95,2008,Annan Thambi,Appu/Achu,Mammmootty,1,,1,,,,,,,1,,,,Anwar Rasheed,5.7
398,2008,Annan Thampi,Govindan,Siddique,,,1,,,,,,,,,,,Anwar Rasheed,5.7
587,2008,Annan Thampi,Peethambaran,Suraj Venjaramoodu,,,1,,,,,,,,,,,Anwar Rasheed,5.7
48,2008,Mizhikal Sakshi,Prof. Saeed Ahmed,Mohanlal,,,,1,,,,,,,,,,Ashok R.Nath,6.6
49,2008,Madampi,Putthanpurakkal Gopalakrishna Pillai,Mohanlal,,,,1,,,,,,,,,,B.Unnikrishnan,6.4
399,2008,Madambi,Sreedaran,Siddique,,,,1,,,,,,,,,,B.Unnikrishnan,6.4
586,2008,Madambi,Thallu Kolli(Keedam),Suraj Venjaramoodu,,,,1,,,,,,,,,,B.Unnikrishnan,6.4
157,2008,De Ingottu Nokiye ,Sivan,Jayasurya,,,1,,,,,,,,,,,Balachandran Menon,2.5
60,2008,One Way Ticket,Kunjappu,Prithviraj Sukumaran,,,1,1,,,,,,,,,,Bipin Prabhakar,3.6
285,2008,Calcutta News,Hari,Indrajith Sukumaran,,,,,,1,,,,,1,,,Blessy,6.3
249,2008,Crazy Gopalan,Police Commissioner,Biju Menon,,,1,,,,,,,,,,,Deepu Karunakaran,5
286,2008,Malabar Wedding,Manukuttan,Indrajith Sukumaran,,,1,,,,,,,,,,,Fasil,4.9
287,2008,Soorya Kireedam,Sivaram,Indrajith Sukumaran,,,,,,,,,1,,,,,George Kithu,5.1
92,2008,Twenty:20,Advt. Ramesh Nambiar,Mammmootty,1,,,1,1,1,,1,,,,,,Joshiy,6.8
52,2008,Twenty:20,Devaraja Prathapa Varma,Mohanlal,1,,,1,1,1,,1,,,,,,Joshiy,6.8
248,2008,Twenty:20,ASP Jacob Eraly,Biju Menon,1,,,,1,,,,,,,,,Joshiy,6.8
289,2008,Twenty:20,Arun Kumar,Indrajith Sukumaran,1,,,,1,,,,,,,,,Joshiy ,6.8
401,2008,Twenty:20,Madhava Menon,Siddique,1,,,,1,,,,,,,,,Joshiy,6.8
583,2008,Twenty:20,Ramu,Suraj Venjaramoodu,1,,,,1,,,,,,,,,Joshiy,6.8
50,2008,Aakasha Gopuram,Albert Samson,Mohanlal,,,,1,,,,,,,1,,,K.P.Kumaran,4.5
154,2008,Minnaminnikoottam,Maani Kunju,Jayasurya,,,,,1,,,,,,1,,,Kamal,3.9
288,2008,Minnaminnikoottam,Siddarth,Indrajith Sukumaran,,,,,1,,,,,,1,,,Kamal,3.9
246,2008,Mulla,Ambi,Biju Menon,,,,1,,,,,,,,,,Lal Jose,4.6
588,2008,Mulla,Bijumon,Suraj Venjaramoodu,,,,1,,,,,,,,,,Lal Jose,4.6
94,2008,Parunthu,Parunthu Purushothaman,Mammmootty,1,,,,1,,,,,1,,,,M.Padmakumar,2.8
153,2008,Parunthu,Vinayan,Jayasurya,1,,,,1,,,,,1,,,,M.Padmakumar,2.8
59,2008,Thalappavu,Naxal Joseph,Prithviraj Sukumaran,,,,1,,,,,,,,,,Madhupal,7.3
247,2008,Kurukshetra,Major Rajesh,Biju Menon,,,,,,,,,,,,1,,Major Ravi,5.7
400,2008,Kurukshetra,Subedar Maj. Fussy Ahmed,Siddique,,,,,,,,,,,,1,,Major Ravi,5.7
51,2008,Kurukshetra,Colonel Mahadevan,Mohanlal,,,,,,,,,,,,1,,Major Revi,5.7
58,2008,Thirakadha,Akbar Ahammed,Prithviraj Sukumaran,,,,1,,,,,,,1,,,Ranjith,7.4
96,2008,Roudram,ACP Narendran,Mammmootty,1,,,,1,1,,,,,,,,Renji Panicker,4.7
47,2008,Innathe Chintha Vishayam,"Gopakumar ""G. K.""",Mohanlal,,,1,1,,,,,,,,,,Sathyan Anthikkad,5.1
57,2008,Lollipop,Franko,Prithviraj Sukumaran,,,,1,,,,,,,,,,Shafi,3.9
152,2008,Lollipop,Francis(Praanchi),Jayasurya,,,,1,,,,,,,,,,Shafi,3.9
582,2008,Lollipop,Jabbar,Suraj Venjaramoodu,,,,1,,,,,,,,,,Shafi,3.9
155,2008,Shakespeare M.A.Malayalam,Shakespeare' Pavithran,Jayasurya,,,1,1,,,,,,,,,,Shaiju Anthikkad,3.4
53,2008,Pakal Nakshatrangal,Sidharthan,Mohanlal,,,,1,,,,,,,,,,T.Rajeevnath,7
93,2008,Mayabazar,Rameshan/Swami,Mammmootty,,,,1,,,,,,,1,,,Thomas K.Sebastian,2.2
584,2008,Mayabazar ,Pachu,Suraj Venjaramoodu,,,,1,,,,,,,1,,,Thomas K.Sebastian,2.2
46,2008,College Kumaran,Captain Sree Kumar,Mohanlal,,,1,,,,,,,,,,,Thulasidas,2.4
156,2008,Positive,A.S.P.Aniyan,Jayasurya,,,,1,1,,,,,,1,,,V.K.Prakash,4.8
102,2009,Daddy Cool,Antony Simon,Mammmootty,,,,1,,,,,,,,,,Aashiq Abu,4.9
251,2009,Daddy Cool,Roy Alex,Biju Menon,,,,1,,,,,,,,,,Aashiq Abu,4.9
576,2009,Daddy Cool,Mayankutty,Suraj Venjaramoodu,,,,1,,,,,,,,,,Aashiq Abu,4.9
252,2009,Kaana Kanmani,Rajeevan,Biju Menon,,,,1,,,,,1,,,,,Aku Akbar,4.4
574,2009,Kaana Kanmani,Bhaskaran,Suraj Venjaramoodu,,,,1,,,,,1,,,,,Aku Akbar,4.4
41,2009,Sagar Alias Jacky Reloaded,Sagar Alias Jacky,Mohanlal,1,,,,,1,,,,,,,,Amal Neerad,5.2
194,2009,Parayaan Marannathu,Chandrasekharan,Biju Menon,,,,1,,,,,,,,,,Arun S Baskar,6.7
43,2009,Bhramaram,Sivankutty,Mohanlal,,,,1,1,1,,,,,,,,Blessy,7.4
53,2009,Puthiya Mugham,Krishna Kumar,Prithviraj Sukumaran,1,,,1,1,,,,,,,,,Deepan,5.6
101,2009,Loudspeaker,Philipose aka 'Mike',Mammmootty,,,,1,,,,,,,,,,Jayaraj,7.4
573,2009,Loudspeaker,Counselor,Suraj Venjaramoodu,,,,1,,,,,,,,,,Jayaraj,7.4
103,2009,Ee Pattanathil Bhootham,Jimmy/Genie,Mammmootty,,,1,,,,,,,,,,,Johny Antony,2.9
577,2009,Ee Pattanathil Bhootham,Shishupalan,Suraj Venjaramoodu,,,1,,,,,,,,,,,Johny Antony,2.9
52,2009,Robin Hood,Venkitesh/Siddharth,Prithviraj Sukumaran,1,,,1,1,,,,,,,,,Joshiy,8
253,2009,Robin Hood,Nandakumara Menon,Biju Menon,1,,,,,1,,,,,,,,Joshiy,5.7
145,2009,Robin Hood,ACP Harris,Jayasurya,1,,,1,1,,,,,,,,,Joshiy,5.7
143,2009,Patham Nilayile Theevandi,Ramu,Jayasurya,,,,1,,,,,,1,,,,Joshy Mathew,6.6
55,2009,Ninaithale Inikkum,Shiva,Prithviraj Sukumaran,,,,1,,,,1,,,,,,Kumaravelan,6.4
402,2009,2 Harihar Nagar,Govindan Kutty,Siddique,,,1,,,,,,,,,,,Lal,6.6
99,2009,Kerala Cafe,Unnamed,Mammmootty,,,1,1,,,,,1,1,,,,Lal Jose,7.4
146,2009,Vairam:Fight For Justice,Jose Kutty,Jayasurya,,,,1,,,,,,,,,,M.A.Nishad,5.6
54,2009,Calendar,Ollikkara Sojappan,Prithviraj Sukumaran,,,,1,,,,,,,,,,Mahesh,4.1
151,2009,Love in Singapore,Tony,Jayasurya,,,1,,,,,,,,,,,Meccartin,2.2
42,2009,Bhagavan,Dr. Balagopalan,Mohanlal,,,,,1,,,,,,,,,Prasanth Mambully,2.2
151,2009,Love in Singapore,Tony,Jayasurya,,,1,,,,,,,,,,,Raffi,2.2
104,2009,Love In Singapore,Machu,Mammmootty,,,1,,,,,,,,,,,Raffi,2.2
581,2009,Love in Singapore,Peethambharan Kalarikkavila,Suraj Venjaramoodu,,,1,1,,,,,,,,,,Raffi,2.2
144,2009,Utharaswayamvaram,Prakash,Jayasurya,,,,1,,,,,,,,,,Ramakanth Sarju,3.5
571,2009,Utharaswayamvaram,Pathalam Shaji,Suraj Venjaramoodu,,,,1,,,,,,,,,,Ramakanth Sarju,3.5
98,2009,Paleri Manikyam: Oru Pathirakolapathakathinte Katha,Haridas/Ahmed Haji/Khalid Ahmed,Mammmootty,,,,1,,1,1,1,,,,,,Ranjith,7.7
45,2009,Evidam Swargamanu,Mathews Jeremias,Mohanlal,,,,1,,,,,,,,,,Roshan Andrews,7.2
44,2009,Angel John,Angel John,Mohanlal,,,1,1,,,,,1,,,,,S.L.Puram Jayasurya,2.7
569,2009,My Big Father,Brother of Kaniha,Suraj Venjaramoodu,,,1,1,,,,,,,,,,S.P.Mahesh,4.1
149,2009,Ivar Vivahitharayal,Vivek,Jayasurya,,,1,,,,,,,,,,,Saji Surendran,5.2
403,2009,Ivar Vivahitharayal,Adv. Ananthan Menon,Siddique,,,1,,,,,,,,,,,Saji Surendran,5.2
579,2009,Ivar Vivahitharayal,Adv.Mannanthala Susheel Kumar,Suraj Venjaramoodu,,,1,,,,,,,,,,,Saji Surendran,5.2
97,2009,Chattambinaadu,Virendra Mallayya,Mammmootty,1,,1,1,,,,,,,,,,Shafi,5.6
404,2009,Chattambinaadu,Kattappilly Nagendran,Siddique,1,,,1,,,,,,,,,,Shafi,5.6
568,2009,Chattambinaadu,Dasamoolam Damu,Suraj Venjaramoodu,1,,,1,,,,,,,,,,Shafi,5.6
147,2009,Oru Black And White Kudumbam,Adhithya Varma,Jayasurya,,,1,1,,,,,,,,,,Shaiju Anthikkad,4.3
575,2009,Oru Black And White Kudumbam,Manjulan,Suraj Venjaramoodu,,,,1,,,,,,,,,,Shaiju Anthikkad,4.3
40,2009,Red Chillies,"Oyyarathu Madathil ""O. M. R"" Ramanathan",Mohanlal,1,,,,1,1,,,,,,,,Shaji Kailas,3.7
250,2009,Red Chillies,Stalin,Biju Menon,1,,,,1,,,,,,,,,Shaji Kailas,3.7
572,2009,Duplicate,Shivankutty/Jeevanraj,Suraj Venjaramoodu,,,,1,,,,,,,,,,Shibu Prabhakar,4
150,2009,Currency,Keshu,Jayasurya,,,1,,,,,,,,,,,Swathi Bhaskar,5.2
580,2009,Currency,Indrabalan,Suraj Venjaramoodu,,,1,,,,,,,,,,,Swathi Bhaskar,5.2
100,2009,Pazhassi Raja,Kerala Varma Pazhassi Raja,Mammmootty,1,,,1,,,1,,,,,1,,T.Hariharan,7.6
291,2009,Seetha Kalyanam,Ambi,Indrajith Sukumaran,,,,1,,,,,,,,,,T.K.Rajeev Kumar,3.6
142,2009,Gulumal,Jerry,Jayasurya,,,1,1,1,,,,,,,,,V.K.Prakash,5.2
570,2009,Gulumal,A T S Shambhu,Suraj Venjaramoodu,,,,1,1,,,,,,,,,V.K.Prakash,5.2
56,2009,Nammal Thammil,Vicky,Prithviraj Sukumaran,,,,1,,,,,,,,,,Viji Thampi,3
290,2009,Nammal Thammil,Johny,Indrajith Sukumaran,,,,1,,,,,,,,,,Viji Thampi,3
148,2009,Dr.Patient,Dr.Rubin Isacc/Bobby,Jayasurya,,,1,1,,,,,,,,,,Viswanathan,3.2
578,2009,Dr.Patient,Indrabalan,Suraj Venjaramoodu,,,1,1,,,,,,,,,,Viswanathan,3.2
140,2010,Nallavan,Kochuerukkan,Jayasurya,,,,1,,,,,,,,,,Ali John,2.9
47,2010,Anwar,Anwar,Prithviraj Sukumaran,1,,,1,1,,,,,,,,,Amal Neerad,6.4
139,2010,Cocktail,Venkatesh,Jayasurya,,,,1,1,,,,,,,,,Arun Kumar Aravind,7.2
52,2010,Pramaani,Vishwanatha Panicker,Mammmootty,,,,1,,,,,,,,,,B.Unnikrishnan,3.8
46,2010,The Thriller,Niranjan,Prithviraj Sukumaran,,,,1,1,1,,,,,,,,B.Unnikrishnan,4.6
410,2010,The Thriller,A.D.G.P Balagopal IPS,Siddique,,,,,1,1,,,,,,,,B.Unnikrishnan,4.6
562,2010,Pramaani,Maioist Murugan,Suraj Venjaramoodu,,,,1,,,,,,,,,,B.Unnikrishnan,3.8
296,2010,College Days,Rohit Menon,Indrajith Sukumaran,,,,,1,,,,,,,,,G.N.Krishnakumar,5.3
48,2010,Thanthonni,Vadakanveetil Kochukunju,Prithviraj Sukumaran,1,,,1,,,,,,,,,,George Varghese,4.9
563,2010,Thanthonni,Achu,Suraj Venjaramoodu,1,,,1,,,,,,,,,,George Varghese,4.9
565,2010,Cheriya Kallanum Valiya Policum,S.I.Simon Sebastian,Suraj Venjaramoodu,,,,1,,,,,,,,,,Haridas Kesavan,2.8
254,2010,Aagathan,Dr.Sudhi,Biju Menon,,,,1,,,,,,,1,,,Kamal,5.5
405,2010,In Ghost House Inn,Govindan Kutty,Siddique,,,1,,,,,,1,,,,,Lal,5.9
294,2010,Elsamma Enna Aankutty,Eby,Indrajith Sukumaran,,,1,1,,,,,,,,,,Lal Jose,6.2
558,2010,Elsamma Enna Aankutty,Broker Thomachan,Suraj Venjaramoodu,,,1,1,,,,,,,,,,Lal Jose,6.2
564,2010,Payyans,,Suraj Venjaramoodu,,,,1,,,,,,,,,,Leo Thaddeus,3.9
293,2010,Nayakan,Varadhan Unni,Indrajith Sukumaran,1,,,,,1,,,,,,,,Lijo Jose Pellissery,6.6
38,2010,Shikkar,Balaraman,Mohanlal,1,,,1,1,,,,,,,,,M.Padmakumar,6.2
39,2010,Kandahar,Major Mahadevan,Mohanlal,1,,,1,,,,,,,,,,Major Revi,3.4
559,2010,Sakudumbam Shyamala,Kollamkaavu Pappan,Suraj Venjaramoodu,,,1,,,,,,,,,,,Mangalath Radhakrishnan,4.6
50,2010,Raavanan,SP Dev Prakash IPS,Prithviraj Sukumaran,1,1,,1,,,,,,,,,,Mani Ratnam,6.9
48,2010,Best Actor,Mohan,Mammmootty,,,1,1,,,,,,,,,,Martin Prakkat,7
36,2010,Alexander the Great,Alexander Varma,Mohanlal,1,,,1,,,,,,,,,,Murali Nagavally,3.6
35,2010,Janakan,Adv. Surya Narayanan,Mohanlal,,,,,1,1,,,,,,,,N.R.Sanjeev,5.3
255,2010,Janakan,Monayi,Biju Menon,,,,,1,,,,,,,,,N.R.Sanjeev,5.3
53,2010,Yugapurushan,K C Kuttan,Mammmootty,,,,1,,,,,,,,,,R.Sukumaran,7.3
51,2010,Punyam Aham,Narayanan Unni,Prithviraj Sukumaran,,,,1,,,,,,,,,,Raj Nair,5.7
556,2010,Oru Small Family,Bejoysh,Suraj Venjaramoodu,,,,1,,,,,,,,,,Rajasenan,3
37,2010,Oru Naal Varum,Kulappulli Sukumaran / DYSP Nandhakumar,Mohanlal,,,1,1,,,,,,,,,,Rajeev Kumar,4.8
50,2010,Pranchiyettan & the Saint,Chirammal Enashu Francis,Mammmootty,,,1,1,,,,,,,,,,Ranjith,8.3
256,2010,Pranchiyettan and the Saint,Joppan,Biju Menon,,,,1,,,,1,,,,,,Ranjith,8.3
295,2010,Chekavar,Kashinadan,Indrajith Sukumaran,,,,1,,,,,,,,,,Sajeevan,4.7
138,2010,Four Friends,Amir,Jayasurya,,,,1,,,,,,,,,,Saji Surendran,3.6
141,2010,Happy Husbands,John Marthai,Jayasurya,,,1,,,,,,,,,,,Saji Surendran,5.6
292,2010,Happy Husbands,Rahul,Indrajith Sukumaran,,,1,,,,,,,,,,,Saji Surendran,5.6
409,2010,Four Friends,Dr.Siddharth,Siddique,,,,1,,,,,,,,,,Saji Surendran,3.6
567,2010,Happy Husbands,Rajappan,Suraj Venjaramoodu,,,1,,,,,,,,,,,Saji Surendran,5.6
258,2010,Marykkundoru Kunjaadu,Jose,Biju Menon,,,1,,,,,,,,,,,Shafi,6.6
54,2010,Drona 2010,Madhavan/Kunjunni,Mammmootty,1,,,1,,,,1,1,,,,,Shaji Kailas,4
566,2010,Drona 2010,Raghu Uthaman,Suraj Venjaramoodu,1,,,1,,,,,,,,,,Shaji Kailas,4
49,2010,Vandae Maatharam,Gopikrishnan,Mammmootty,1,,,,,,,,,,,,,T.Aravind,5.5
560,2010,Oru Naal varum,Driver Girijan,Suraj Venjaramoodu,,,,1,,,,,,,,,,T.K.Rajeev Kumar,4.8
257,2010,Kaaryasthan,Jayashankar,Biju Menon,,,1,,,,,,,,,,,Thomson K.Thomas,4.9
408,2010,Kaaryasthan,Rajan,Siddique,,,1,,,,,,,,,,,Thomson K.Thomas,4.9
557,2010,Kaaryasthan,Vadivelu,Suraj Venjaramoodu,,,1,,,,,,,,,,,Thomson K.Thomas,4.9
406,2010,April Fool,Music Director Rajesh,Siddique,,,1,,,,,,,,,,,Viji Thampi,3.6
0,2010,Malarvaadi Arts Club,Prakashan,Nivin Pauly,,,1,1,,,,,,,,,,Vineeeth Sreenivasan,6.5
297,2010,Karayilek Oru Kadal Dooram,Anoop Chandran,Indrajith Sukumaran,,,,1,,,,,,,,,,Vinod Mankara,6.5
51,2010,Pokkiri Raja,Madhurai Raja,Mammmootty,1,,1,1,,,,,,,,,,Vysakh,4.9
49,2010,Pokkiri Raja,Surya,Prithviraj Sukumaran,1,,1,1,,,,,,,,,,Vysakh,4.9
407,2010,Pokkiri Raja,Commissioner Rajendra Babu,Siddique,1,,,1,,,,,,,,,,Vysakh,4.9
561,2010,Pokkiri Raja,Idi-Vettu Sugunan,Suraj Venjaramoodu,1,,,1,,,,,,,,,,Vysakh,4.9
33,2011,Vellaripravinte Changathi,,Dileep,,,,1,,,,,,,,,,Aku Akbar,6.2
302,2011,Vellaripravinte Changathi,Manikunju,Indrajith Sukumaran,,,,1,,,,,,,1,,,Aku Akbar,6.2
44,2011,Bombay March 12,Sameer (Sanathanan Bhat),Mammmootty,1,,,,1,,,1,,1,,,,Babu Janardanan,5.6
40,2011,Manushyamrugham,David,Prithviraj Sukumaran,,,,1,,1,,,,,,,,Baburaj,3.8
39,2011,Veetilekulla Vazhi,Doctor,Prithviraj Sukumaran,,,,1,,,,,,1,,,,Bijukumar Damodaran,6.8
301,2011,Veetilekulla Vazhi,Rasaq,Indrajith Sukumaran,,1,,1,,,,,,,,,,Bijukumar Damodaran,6.8
555,2011,The Metro,Sujathan,Suraj Venjaramoodu,1,,,,1,,,,,,,,,Bipin Prabhakar,4.8
2,2011,The Metro,Harikrishnan,Nivin Pauly,1,,,,1,,,,,,,,,Bipin Prabhakar,4.8
33,2011,Pranayam,Mathews,Mohanlal,,,,1,,,,,,,1,,,Blessy,7.4
136,2011,Janapriyan,Priyadarshan,Jayasurya,,,,1,,,,,,1,,,,Boban Samuel,6.3
38,2011,Teja Bhai and Family,Teja Bhai,Prithviraj Sukumaran,,,1,,,,,,,,,,,Deepu Karunakaran,3.5
548,2011,Teja Bhai and Family,Rajaguru Vashyavachassu,Suraj Venjaramoodu,,,,,,,,,,,1,,,Deepu Karunakaran,3.5
45,2011,The Train,Kedarnath,Mammmootty,,,,1,,,,,,,,,,Jayaraj,4.5
132,2011, The Train ,Karthik,Jayasurya,,,,1,,,,,,,,,,Jayaraj,4.5
30,2011,Christian Brothers,Joji Varghese Mapilla,Dileep,1,,,1,1,,,,,,,,,Joshiy,4.8
4,2011,Sevenes,Shyam,Kunchacko Boban,1,,,1,,1,,,,,,,,Joshiy,5.1
259,2011,Christian Brothers,Hariharan Thampy,Biju Menon,1,,,,1,,,,,,,,,Joshiy,4.8
3,2011,Sevenes,Shaukath,Nivin Pauly,1,,,1,,1,,,,,,,,Joshiy,5.1
552,2011,Christian Brothers,Chef,Suraj Venjaramoodu,1,,,,1,,,,,,,,,Joshiy,4.8
5,2011,Doctor Love,Vinayachandran aka Vinayan,Kunchacko Boban,,,,,,,,,,,1,,,K.Biju,5
196,2011,Gaddaama,Radhakrishnan,Biju Menon,,,,1,,,,,,,,,,Kamal,6.8
553,2011,Khaddama,Usman,Suraj Venjaramoodu,,,,1,,,,,,,,,,Kamal,6.8
298,2011,Race,Niranjan,Indrajith Sukumaran,,,,1,1,,,,,,,,,Kukku Surendran,4.1
1,2011,Race,Dr. Abey John,Kunchacko Boban,,,,1,,,,,,,,,,Kukku Surendran,4.1
134,2011,Payyans,Josy,Jayasurya,,,,1,,,,,,,,,,Leo Thaddeus,3.9
42,2011,City of God,Jyothi Lal,Prithviraj Sukumaran,,,,1,,,,,,,,,,Lijo Jose Pellissery,7.1
299,2011,City of God,Swaranavel,Indrajith Sukumaran,,,,1,1,,,,,,,,,Lijo Jose Pellissery,7.1
41,2011,Manikiakallu,Vinayachandran,Prithviraj Sukumaran,,,,1,,,,,,1,,,,M.Mohanan,6.6
6,2011,Sandwich,Sai,Kunchacko Boban,,,1,,,,,,,,,,,M.S.Manu,2
32,2011,Orma Mathram,Pradeep,Dileep,,,,1,,,,,,,,,,Madhu Kaithapram,5.8
551,2011,China Town,Chandran Valanjavazhi,Suraj Venjaramoodu,,,1,,,,,,,,,,,Meccartin,3.7
414,2011,Veeraputhran,Moithu Moulavi,Siddique,,,,1,,,1,,,,,,,P.T.Kunju Muhammed,6.7
547,2011,Oru Marubhoomikkadha,Koya,Suraj Venjaramoodu,,,,,1,,,,,,,,,Priyadarshan,5.3
31,2011,China Town,Binoy,Dileep,1,,1,,,,,,,,,,,Raffi,3.7
32,2011,China Town,Mathukutty,Mohanlal,,,1,,,,,,,,,,,Raffi,3.7
0,2011,Traffic,Dr. Abel Thariyan,Kunchacko Boban,1,1,,,1,,,1,,,,,,Rajesh Pillai,8.1
1,2011,Traffic,Car driver in the last scene,Nivin Pauly,1,1,,,1,,,1,,,,,,Rajesh Pillai,8.1
37,2011,Indian Rupee,Jaiprakash,Prithviraj Sukumaran,,,,1,,,,,,1,,,,Ranjith,7.7
45,2011,Arjunan Sakshi,Roy Mathew,Prithviraj Sukumaran,,,,1,,,,,,,,,,Ranjith Shankar,5.8
43,2011,Urumi,Chirakkal Kelu Nayanar/Krishna Das,Prithviraj Sukumaran,1,,,1,,,,,,,,,,Santosh Sivan,7
34,2011,Snehaveedu,,Mohanlal,,,,1,,,,,,1,,,,Sathyan Anthikkad,5.7
201,2011,Snehaveedu,Balachandran,Biju Menon,,,,1,,,,,,1,,,,Sathyan Anthikkad,5.7
43,2011,Venicile Vyapari,Pavithran,Mammmootty,,,1,1,,,,,,1,,,,Shafi,5
44,2011,Makeup Man,Himself,Prithviraj Sukumaran,,,1,,,,,,,,,,,Shafi,5.2
411,2011,Makeup Man,Sidharth,Siddique,,,1,,,,,,,,,,,Shafi,5.2
546,2011,Venicile Vyaapari,Chandran Pillai,Suraj Venjaramoodu,,,,1,,,,,,,,,,Shafi,5
554,2011,Makeup Man,Kichu,Suraj Venjaramoodu,,,1,,,,,,,,,,,Shafi,5.2
47,2011,August 15,Perumal,Mammmootty,,,,,1,1,,,,,,,,Shaji Kailas,3.6
31,2011,Christian Brothers,Christy Varghese Mappila,Mohanlal,1,,,1,1,,,,,,,,,Siby Thomas,4.8
46,2011,Doubles,Giri,Mammmootty,,,,1,,,,,,,,,,Sohan Seenulal,2.2
550,2011,Doubles,Adv. Lawrence,Suraj Venjaramoodu,1,,,1,,,,,,,,,,Sohan Seenulal,2.2
133,2011,Shankaranum Mohananum,Shankaran/Mohanan,Jayasurya,,,1,,,,,,,,,,,T.V.Chandran,3.8
3,2011,Three Kings,Ramanunni Raja aka Ram,Kunchacko Boban,,,1,,,,,1,,,,,,V.K.Prakash,4
135,2011,Beautiful,Stephen Louis,Jayasurya,,,,1,,,,,,1,,,1,V.K.Prakash,7.5
137,2011,Three Kings,Shankar,Jayasurya,,,1,,,,,,,,,,,V.K.Prakash,4
300,2011,Three Kings,Bhaskaraunni Raja,Indrajith Sukumaran,,,1,,,,,,,,,,,V.K.Prakash,4
197,2011,Seniors,Philip Idikulla,Biju Menon,,,,1,1,,,,,,,,,Vaishak,6.3
412,2011,Natakame Ulakam,Producer Ram Mohan,Siddique,,,1,,,,,,,,,,,Viji Thampi,3.6
2,2011,Seniors,Rex Immanuel,Kunchacko Boban,,,1,,,,,1,,,,,,Vysakh,6.3
413,2011,Seniors,Unnithan,Siddique,,,,1,1,,,,,,,,,Vysakh,6.3
549,2011,Seniors,Thavala Thampi,Suraj Venjaramoodu,,,,1,1,,,,,,,,,Vysakh,6.3
9,2012,Da Thadiya,Rahul Vaidyar,Nivin Pauly,,,1,1,,,,,,,,,,Aashiq Abu,6.1
42,2012,Shikari,Abhijeet/Aruna,Mammmootty,,,,1,,,,,,1,,,,Abhaya Simha,5.1
415,2012,Asuravithu,Shaikh Muhammed IPS,Siddique,1,,,,,,,,,,,,,AK Sajan,3.3
538,2012,Vellaripravinte Changathi,Himself,Suraj Venjaramoodu,,,,1,,,,,,,1,,,Aku Akbar,6.2
306,2012,Bachelor Party,Geevargees,Indrajith Sukumaran,1,,,,,,,,,,,,,Amal Neerad,5.1
307,2012,Mullamottum Munthiricharum,Churatta Jose,Indrajith Sukumaran,,,,1,,,,,,,,,,Aneesh Anwar,4.3
35,2012,Manjadikuru,Vicky,Prithviraj Sukumaran,,,,1,,,,,,1,,,,Anjali Menon,8.2
38,2012,Jawan of Vellimala,Gopi Krishan,Mammmootty,1,,1,,,,,1,,,,,,Anoop Kannan,4.7
419,2012,Ustad Hotel,Abdul Rasak,Siddique,,,,1,,,,,,,1,,,Anwar Rasheed,8.2
1,2012,Ustad Hotel,"Faizal ""Faizy"" Abdul Razak",Dulquer,,,1,1,,,,,,1,,,,Anwer Rasheed,8.2
303,2012,Ee Adutha Kaalathu,Vishnu,Indrajith Sukumaran,,,,,1,,,,,,,,,Arun Kumar Aravind,7.7
27,2012,Grandmaster,Chandrasekhar IPS,Mohanlal,1,,,,1,,,,,,,,,B.Unnikrishnan,7
418,2012,Grandmaster,Paul Mathew,Siddique,,,,,1,,,1,,,,,,B.Unnikrishnan,7
195,2012,Orange,Suku,Biju Menon,,,,1,,,,,,,,,,Biju Varkey,5.1
308,2012,Akashathinte Niram,Young Man,Indrajith Sukumaran,,,,1,,,,,,,,,,Bijukumar Damodaran,7
34,2012,Hero,Tarzen Antony,Prithviraj Sukumaran,1,,,1,1,,,,,,,,,Deepan,3.7
36,2012,Bavuttiyude Namathil,Bavutty,Mammmootty,,,1,1,,,,,,,,,,G.S.Vijayan,5.4
29,2012,My Boss,Manu Varma,Dileep,,,1,,,,,,,1,,,,Jeethu Joseph,6.6
6,2012,Bhoopadathil Illatha Oridam,Murali,Nivin Pauly,,,1,1,,,,,,,,,,Joe Chalissery,4.5
39,2012,Thappana,Samson,Mammmootty,1,,,1,,,,,,,,,,Johny Antony,4.7
36,2012,Masters,Sreeramakrishnan,Prithviraj Sukumaran,1,,,,1,,,1,,,,,,Johny Antony,5.7
416,2012,Masters ,Isaac Panicker,Siddique,1,,,,1,,,,,,,,,Johny Antony,5.7
26,2012,Mayamohini,Mayamohini/Mohanakrishnan,Dileep,,,1,1,,,,,,,,,,Jose Thomas,3.5
200,2012,Maayamohini,Balachandran,Biju Menon,,,1,1,,,,,,,,,,Jose Thomas,3.5
29,2012,Run Baby Run,Venu,Mohanlal,1,,1,,1,,,,,,,,,Joshiy,6.6
203,2012,Run Baby Run,Rishikesh,Biju Menon,,,1,,1,,,,,,,,,Joshiy,6.6
420,2012,Run Baby Run,Rajan Kartha,Siddique,,,1,,1,,,,,,,,,Joshiy,6.6
40,2012,Cobra,Raja/Shivadas Naidu,Mammmootty,,,1,,,,,,,1,,,,Lal ,2.6
25,2012,Spanish Masala,Charlie,Dileep,,,1,,,,,,,,1,,,Lal Jose,5.2
7,2012,Spanish Masala,Rahul,Kunchacko Boban,,,1,,,,,,,,1,,,Lal Jose,5.2
30,2012,Ayalum Njanum Thammil,Dr. Ravi Tharakan,Prithviraj Sukumaran,,,,1,,,,,,1,1,,,Lal Jose,8
198,2012,Spanish Masala,Menon,Biju Menon,,,,,,,,,,,1,,,Lal Jose,5.2
4,2012,Spanish Masala,Mathews,Nivin Pauly,,,1,,,,,,,,1,,,Lal Jose,5.2
30,2012,Karmayodha,"Madhava Menon IPS ""Mad Maddy""",Mohanlal,1,,,1,1,1,,,,,,,,Major Revi,4.2
127,2012,Vadhiyar,Anoop Krishna,Jayasurya,,,1,1,,,,,,,,,,Nideesh Shakthi,4.1
305,2012,Outsider,Mukundhan,Indrajith Sukumaran,,,,1,1,,,,,,,,,Premlal,4.2
28,2012,Spirit,Raghu Nandan,Mohanlal,,,1,1,,,,,,,,,,Ranjith,7.5
542,2012,Spirit,Minister Muralikrishnan,Suraj Venjaramoodu,,,1,1,,,,,,,,,,Ranjith,7.5
31,2012,Molly Aunty Rocks,Pranav Roy,Prithviraj Sukumaran,,,,1,,,,,,,,,,Ranjith Shankar,5.9
2,2012,Theevram,Harsha Vardhan,Dulquer,1,,,,1,1,,,,,,,,Roopesh Peethambaran,6.5
26,2012,Casanovva,Casanovva,Mohanlal,1,,,,,,,,,,1,,,Roshan Andrews,3.5
33,2012,Aiyyaa,Surya,Prithviraj Sukumaran,,,1,,,,,,,,1,,,Sachin Kundalkar,4.4
128,2012,Kunjaliyan,Jayaraman,Jayasurya,,,1,1,,,,,,,,,,Saji Surendran,3
131,2012,Husbands in Goa,Govind,Jayasurya,,,1,,,,,,,,,,,Saji Surendran,3.7
309,2012,Husbands in Goa,Jerry,Indrajith Sukumaran,,,,,,,,,,,1,,,Saji Surendran,3.7
540,2012,Husbands in Goa,Vasco,Suraj Venjaramoodu,,,,,,,,,,,1,,,Saji Surendran,3.7
545,2012,Kunjaliyan,Preman,Suraj Venjaramoodu,,,1,1,,,,,,,,,,Saji Surendran,3
28,2012,Mr. Marumakan,Ashok Raj/Ashok Chakravarthy,Dileep,1,,1,,,,,,,,,,,Sandhya Mohan,3.2
541,2012,Mr.Marumakan,Chantha Hamsa,Suraj Venjaramoodu,,,,1,,,,,,1,,,,Sandhya Mohan,3.2
7,2012,Puthiya Theerangal,Mohanan,Nivin Pauly,,,1,1,,,,,,,,,,Sathyan Anthikkad,4.8
421,2012,Puthiya Theerangal,Thamara's Father,Siddique,,,,1,,,,,,,,,,Sathyan Anthikkad,4.8
10,2012,101 Weddings,Krishnankutty aka Krish,Kunchacko Boban,,,1,1,,,,,,1,1,,,Shafi,4.5
126,2012,101 Weddings,Jyothish Kumar,Jayasurya,,,1,1,,,,,,1,,,,Shafi,4.5
539,2012,101 Weddings,Sundareshan,Suraj Venjaramoodu,,,,1,,,,,,,1,,,Shafi,4.5
41,2012,The King & the Commissioner,Joseph Alex Thevliparambil,Mammmootty,1,,,,1,,,,,,,,,Shaji Kailas,3.3
32,2012,Simhasanam,Arjun Madhav,Prithviraj Sukumaran,1,,,1,,,,,,,,,,Shaji Kailas,3
207,2012,Chettaayees,Kichu,Biju Menon,,,1,,,,,,,,,,,Shajoon Karyal,4.7
0,2012,Second Show,"Harilal ""Lalu""",Dulquer,1,,,,,1,,,,,,,,Shrinath Rajendran,7.1
129,2012,English,Shankaran,Jayasurya,,,,1,,,,,,,,,,ShyamaPrasad,5.8
27,2012,Arike,Shanthanu,Dileep,,,,,,,,,,,1,,,Shyamaprasad,7.2
8,2012,Ordinary,Iravikuttan Pillai aka Iravi,Kunchacko Boban,,,1,1,,,,,,,,,,Sugeeth,6.6
199,2012,Ordinary,Suku,Biju Menon,,,1,,,,,,,,,,,Sugeeth,6.6
8,2012,Chapters,Krishnakumar,Nivin Pauly,,,,1,,,,,,,,,,Sunil Ibrahim,6.3
544,2012,Thalsamayam Oru Penkutty,Shibulal,Suraj Venjaramoodu,,,1,1,,,,,,,,,,T.K.Rajeev Kumar,3.8
11,2012,Poppins,Major Prathap Varma,Kunchacko Boban,,,,1,,,,,,,,,,V.K.Prakash,4.6
130,2012,Trivandrum Lodge,Abdu,Jayasurya,,,1,,,,,,,,,,,V.K.Prakash,6.6
304,2012,Karmayogi,Rudran Gurukal,Indrajith Sukumaran,,,,1,,,,,,,,,,V.K.Prakash,4.4
310,2012,Poppins,Kanthan,Indrajith Sukumaran,,,,1,,,,,,,,,,V.K.Prakash,4.6
37,2012,Face2Face,Balachandran,Mammmootty,,,,1,,1,,,,1,,,,V.M.Vinu,3.3
202,2012,Mallu Singh,Karthi,Biju Menon,,,1,,1,,,,,,,,,Vaishak,5.1
5,2012,Thattathin Marayathu,Vinod,Nivin Pauly,,,,1,,,,,,,1,,,Vineeeth Sreenivasan,7.4
9,2012,Mallu Singh,Ani,Kunchacko Boban,1,,1,1,,,,,,,,,,Vysakh,5.1
417,2012,Mallu Singh,Valiyamppatu Raghavan Nair,Siddique,,,1,,1,,,,,,,,,Vysakh,5.1
543,2012,Mallu Singh,Susheelan,Suraj Venjaramoodu,,,1,,1,,,,,,,,,Vysakh,5.1
4,2013,5 Sundarikal (Kullante Bharya segment),Injured Stuntman,Dulquer,,,,,,,,,,1,1,,,Aashiq Abu,6.8
208,2013,5 Sundarikal,Jonathan Antony,Biju Menon,,,,,,,,,,1,,,,Aashiq Abu,6.8
12,2013,5 Sundarikal,Jinu,Nivin Pauly,,,,,,,,,,1,1,,,Aashiq Abu,6.8
426,2013,Bharya Athra Pore,Dr.Rahman,Siddique,,,,1,,,,,,,,,,Aku Akbar,3.8
120,2013,Hotel California,Jimmy,Jayasurya,1,,1,,,1,,,,,,,,Ali John,4.8
10,2013,Neram,Mathew (Malayalam),Nivin Pauly,1,,,1,1,,,,,,,,,Alphonse Puthren,7.5
320,2013,Zachariayude Garbhinikal,Narrator,Indrajith Sukumaran,,,,1,,,,,,,,,,Aneesh Anwar,6.2
313,2013,Left Right Left,Jayan,Indrajith Sukumaran,,,,1,,,,,,,,,,Arun Kumar Aravind,8.1
27,2013,Aurangzeb,Arya,Prithviraj Sukumaran,1,,,1,1,,,,,,,,,Atul Sabharwal,6.5
121,2013,Pigman,Sreekumar,Jayasurya,,,,1,,,,,,1,,,,Avira Rebecca,5.2
14,2013,God for Sale: Bhakthi Prasthanam,Prasannan Nair/Poornanada Swami,Kunchacko Boban,,,1,1,,,,,,,,,,Babu Janardanan,4.7
32,2013,Daivathinte Swantham Cleetus,Cleetus,Mammmootty,1,,,1,,,,1,,,,,,Benny P. Nayarambalam,4.7
206,2013,Kalimannu,Shyam,Biju Menon,,,,1,,,,,,,,,,Blessy,5.2
12,2013,Romans,Akash / Fr. Paul,Kunchacko Boban,,,1,,,,,1,,,,,,Boban Samuel,6.5
204,2013,Romans,Shibu,Biju Menon,,,1,,1,,,,,,,,,Boban Samuel,6.5
423,2013,Daivathinte Swantham Cleetus,Father Sunny Vadakkumthala,Siddique,,,,1,,,,1,,,,,,G.Marthandan,4.7
317,2013,Kaanchi,Madhavan,Indrajith Sukumaran,,,,1,1,,,,,,,,,G.N.Krishnakumar,4.3
316,2013,Ezhamathe Varavu,Gopinath Menon,Indrajith Sukumaran,,,,1,1,,,,,,,,,Hariharan,6.2
25,2013,Drishyam,Georgekutty,Mohanlal,,,,1,1,1,,,,,,,,Jeethu Joseph,8.3
26,2013,Memories,Sam Alex,Prithviraj Sukumaran,,,,,1,,,1,,,,,,Jeethu Joseph,8
422,2013,Drishyam,Prabhakar,Siddique,,,,,1,,,,,1,,,,Jeethu Joseph,8.3
533,2013,Pullipulikalum Aattinkuttiyum,Mamachan,Suraj Venjaramoodu,,,1,,,,,,,,,,,Jose Lal,5.4
22,2013,Sringaravelan,Kannan,Dileep,,,1,,,,,,,,,,,Jose Thomas,3.2
21,2013,Lokpal,Nandagopal / Lokpal,Mohanlal,,,,,1,,,,,,,,,Joshiy,2.9
29,2013,Celluloid,J C Daniel,Prithviraj Sukumaran,,,,1,,,,,,,,,1,Kamal,7.7
427,2013,Celluloid,Ramakrishnan Iyer IAS,Siddique,,,,1,,,,,,,,,,Kamal,7.7
24,2013,Ezhu Sundara Rathrikal,Aby Mathews,Dileep,,,,,,,,,,1,,,,Lal Jose,5.1
15,2013,Pullipulikalum Aattinkuttiyum,Gopan aka Chakka Gopan,Kunchacko Boban,,,1,,,,,,,,,,,Lal Jose,5.4
35,2013,Immanuel,Immanuel,Mammmootty,,,,1,,,,,,,,,,Lal Jose,6.8
531,2013,Ezhu Sundara Rathrikal,Prem Raj,Suraj Venjaramoodu,,,,1,,,,,,,1,,,Lal Jose,5.1
311,2013,Amen,Father Vincent Vattolli,Indrajith Sukumaran,,,,,,,,,,,1,,,Lijo Jose Pellissery,7.8
118,2013,Ithu Pathirmanal,Johnkutty,Jayasurya,,,,,1,,,,,,,,,M.Padmakumar,5.4
122,2013,D Company,Varaal Jaison,Jayasurya,1,,,1,,1,,,,,,,,M.Padmakumar,4.6
3,2013,ABCD: American-Born Confused Desi,Jones Isaac,Dulquer,,,1,,,,,,,,,,,Martin Prakkat,6.5
314,2013,Paisa Paisa,Kishore,Indrajith Sukumaran,,,,,1,,,,,,,,,Prashanth Murali,5.5
24,2013,Geethaanjali,Dr. Sunny Joseph,Mohanlal,,,,,1,,,,,,,,,Priyadarshan,3.8
34,2013,Kadal Kadannoru Mathukkutty,Matthew George aka Mathukkutty,Mammmootty,,,1,,,,,,,,,,,Ranjith,5.1
425,2013,Kadal Kadannoru Mathukutty,Abraham & Himself,Siddique,,,1,,,,,,,,,,,Ranjith,5.1
123,2013,Punyalan Agarbattis,Joy Thakkkolkaaran,Jayasurya,,,1,,,,,,,,,,,Ranjith Shankar,7.1
6,2013,Pattam Pole,"Karthikeyan ""Karthi""",Dulquer,,,,,,,,,,,1,,,Rico Alapan,4.9
28,2013,Mumbai Police,Antony Moses,Prithviraj Sukumaran,,,,,1,,,1,,,,,,Roshan Andrews,8
125,2013,Mumbai Police,ACP Aaryan,Jayasurya,,,,,1,,,1,,,,,,Roshan Andrews,8
22,2013,Red Wine,A. C. P Ratheesh Vasudevan,Mohanlal,,,,,1,,,1,,,,,,Salam Bappu,5.3
536,2013,Red Wine,Joe Sebastian,Suraj Venjaramoodu,,,,,1,,,1,,,,,,Salam Bappu,5.3
424,2013,Kunjananthante Kada,Dr.Rahaman,Siddique,,,,1,,,,,,1,,,,Salim Ahamed,3.5
33,2013,Kunjananthante Kada,Kunjananthan,Mammmootty,,,,1,,,,,,1,,,,Salim Ahamed,5.9
5,2013,Neelakasham Pachakadal Chuvanna Bhoomi,Kassi,Dulquer,,1,,1,,,,,,,,,,Sameer Thahir,7.7
433,2013,Swapaanam,Narayanan Namboodiri,Siddique,,,,1,,,,,,,,,,Shaji N.Karun,6.9
318,2013,Vedivazhipadu,Joseph,Indrajith Sukumaran,,,1,,,,,,,,,,,Shambu Purushothaman,5.2
124,2013,Philips And The Monkey Pen,,Jayasurya,,,1,,,,,,,1,,,,Shanil Mohammed,7.3
11,2013,English: An Autumn in London,Sibin,Nivin Pauly,,,,1,,,,,,,,,,Shyamaprasad,5.8
23,2013,Ladies and Gentleman,Chandrabose,Mohanlal,,,1,,,,,,,,,,,Siddique,3.6
319,2013,101 Chodyangal,Mukundhan,Indrajith Sukumaran,,,,1,,,,,,,,,,Sidhartha Shiva,7.1
16,2013,Kadhaveedu,Raj Karthik,Kunchacko Boban,,,,,,,,,,1,,,,Sohan Lal,5.2
13,2013,3 Dots,Vishnu,Kunchacko Boban,,,,1,,,,,,,,,,Sugeeth,4.2
205,2013,3 Dots,Louis,Biju Menon,,,,1,,,,,,,,,,Sugeeth,4.2
315,2013,Arikil Oraal,Siddarth,Indrajith Sukumaran,,,,,,,,1,,,,,,Sunil Ibrahim,6
13,2013,Arikil Oraal,Icha,Nivin Pauly,,,,,,,,1,,,,,,Sunil Ibrahim,6
312,2013,Up and Down:Mukalil Oralundu,Thamburan,Indrajith Sukumaran,,,,1,1,,,,,,,,,T.K.Rajeev Kumar,5.1
119,2013,David and Goliath,David,Jayasurya,,,,1,,,,,,,,,,T.Rajeevnath,4.3
20,2013,Kammath & Kammath,Deva Raja Kammath,Dileep,1,,1,,,,,,,,1,,,Thomson K.Thomas,3.6
537,2013,Proprietors:Kammath & Kammath,Sebastian Kuzhiveli,Suraj Venjaramoodu,1,,,,,,,,,,,,,Thomson K.Thomas,3.6
31,2013,Silence,Aravind Chandrasekhar,Mammmootty,,,,1,1,,,,,,,,,V.K.Prakash,4.7
23,2013,Nadodimannan,Padmanabhan,Dileep,,,1,1,,,,,,,,,,Viji Thampi,2.8
532,2013,Nadodimannan,Sarasappan,Suraj Venjaramoodu,,,,1,,,,,,,,,,Viji Thampi,2.8
21,2013,Sound Thoma,Plapparambil Thoma,Dileep,,,1,1,,,,,,,1,,,Vysakh,4.5
17,2013,Vishudhan,Fr. Sunny,Kunchacko Boban,,,,1,,1,,,,,,,,Vysakh,5.6
534,2013,Sound Thoma,Uruppadi,Suraj Venjaramoodu,,,1,1,,,,,,,,,,Vysakh,4.5
535,2013,Vishudhan ,Thomachan,Suraj Venjaramoodu,,,1,,,,,,,,,,,Vysakh,5.6
28,2014,Gangster,Akbar Ali Khan,Mammmootty,1,,,,1,1,,,,,,,,Aashiq Abu,3.3
14,2014,1983,Rameshan,Nivin Pauly,,,,,,,,,,1,,,,Abrid Shine,7.7
25,2014,RajadhiRaja,Shekharan Kutty aka Rajashekhar/ Raja,Mammmootty,1,,1,,,,,,,,,,,Ajai Vasudev,4.6
430,2014,Rajadhiraja,Mahendra Varma IAS,Siddique,1,,,1,,,,,,,,,,Ajai Vasudev,4.6
113,2014,Mathai Kuzhapakaranalla,Mathai,Jayasurya,,,1,1,,,,,,,,,,Aku Akbar,4.1
527,2014,Ulsaha Committee,Natholi,Suraj Venjaramoodu,,,1,,,,,,,,,,,Aku Akbar,3.7
117,2014,Iyyobinte Pusthakam,Angoor Rawther,Jayasurya,1,1,,1,,,,,,,,,,Amal Neerad,7.7
116,2014,Seconds,Veeramani,Jayasurya,,,,,1,,,1,,,,,,Aneesh Upasana,5.7
25,2014,London Bridge,Vijay Das,Prithviraj Sukumaran,,,,1,,,,,,,1,,,Anil C Menon,4.4
23,2014,Sapthamasree Thaskaraha,Krishnanunni,Prithviraj Sukumaran,,,1,,1,,,,,,,,,Anil Radhakrishnan,6.8
10,2014,Bangalore Days,"Arjun ""Aju""",Dulquer,,,1,1,,,,,,,1,,,Anjali Menon,8.3
16,2014,Bangalore Days,Krishnan P.P. aka 'Kuttan',Nivin Pauly,,,1,1,,,,,,,1,,,Anjali Menon,8.3
20,2014,Peruchazhi,Jagannathan,Mohanlal,,,1,,,,,,,,,,,Arun Vaidyanath,4
18,2014,Mr. Fraud,Bhai Ji,Mohanlal,1,,,,1,1,,,,,,,,B.Unnikrishnan,4.6
432,2014,Mr.Fraud,Rajashekara Varma,Siddique,1,,,,1,,,,,,,,,B.Unnikrishnan,4.6
8,2014,Vaayai Moodi Pesavum,Aravind,Dulquer,,,1,1,,,,,,,1,,,Balaji Mohan,6.7
9,2014,Samsaaram Aarogyathinu Haanikaram,Malayalam,Dulquer,,,1,1,,,,,,,1,,,Balaji Mohan,6.7
428,2014,Mylanchi Monchulla Veedu,Kasim,Siddique,,,,1,,,,,,1,,,,Benny Thomas,2.2
112,2014,Happy Journey,Aaron,Jayasurya,,,,1,,,,,,,,,,Boban Samuel,5.4
22,2014,Taamar Padaar,ACP Pouran,Prithviraj Sukumaran,,,1,,,,,,,,,,,Dileesh Nair,5.1
323,2014,Angels ,Hameen Haider,Indrajith Sukumaran,,,,1,,1,,,,,,,,Jean Markose,6.1
211,2014,Vellimoonga,Mamachan,Biju Menon,,,1,,,,,,,,1,,,Jibu Jacob,7.5
429,2014,Vellimoonga,Vareedh,Siddique,,,1,,,,,,,,1,,,Jibu Jacob,7.5
18,2014,Konthayum Poonoolum,Krishnan,Kunchacko Boban,,,,1,,,,,,,1,,,Jijo Antony,5.4
22,2014,Bhaiyya Bhaiyya,Babumon,Kunchacko Boban,,,1,1,,,,,,,,,,Johny Antony,3.3
210,2014,Bhayya Bhayya,Babulal Chatterji,Biju Menon,,,1,1,,,,,,,,,,Johny Antony,3.3
526,2014,Bhayya Bhayya,Soman,Suraj Venjaramoodu,,,1,1,,,,,,,,,,Johny Antony,3.3
18,2014,Avatharam,Madhavan Mahadevan,Dileep,1,,,1,1,1,,,,,,,,Joshiy,4.1
15,2014,Ohm Shanthi Oshaana,Giri,Nivin Pauly,,,1,,,,,,,,1,,,Jude Anthany Joseph,7.7
11,2014,Vikramadithyan,Adithyan Menon,Dulquer,,,,1,,,,,,,,,,Lal Jose,6.8
17,2014,Vikramadithyan,Lokesh,Nivin Pauly,,,,1,,,,,,,,,,Lal Jose,6.8
20,2014,Law Point,Adv. Sathya,Kunchacko Boban,,,,1,1,,,,,,,,,Lijin Jose,5.3
529,2014,Law Point,Kurian Jose,Suraj Venjaramoodu,,,,1,1,,,,,,,,,Lijin Jose,5.3
19,2014,Polytechnic,Pauly,Kunchacko Boban,,,1,1,,,,,,,,,,M.Padmakumar,4.3
115,2014,Apothecary,Subi Joseph,Jayasurya,,,,1,1,,,,,,,,,Madhav Ramadasan,7.2
30,2014,Balyakalasakhi,Majeed/Majeed's father,Mammmootty,,,,,,,,,,,1,,,Pramod Payyanur,5.1
111,2014,Aamayum Muyalum,Kallu,Jayasurya,,,1,,,,,,,,,,,Priyadarshan,3.4
17,2014,Ring Master,Prince,Dileep,,,1,1,,,,,,,1,,,Raffi,4.6
530,2014,Ring Master,Shravan,Suraj Venjaramoodu,,,1,1,,,,,,,,,,Raffi,4.6
12,2014,Njaan,K. T. N. Kottoor /,Dulquer,,,,1,,,,,,,,,,Ranjith,6.1
24,2014,Varsham,P.K.Venugopal,Mammmootty,,,,1,,,,,,,,,,Ranjith Shankar,7
114,2014,Lal Bahadur Shastri,Sree Lal,Jayasurya,,,,,1,,,,,,,,,Rejishh Midhila,5.4
528,2014,How Old Are You,Benny,Suraj Venjaramoodu,,,,1,,,,,,,,,,Roshan Andrews,7.1
27,2014,Manglish,Malik Bhai,Mammmootty,,,1,,,,,,,,,,,Salam Bappu,4.3
21,2014,How Old Are You,Rajeev,Kunchacko Boban,,,,1,,,,,,,,,,Sanjay,7.1
7,2014,Salalah Mobiles,Afzal,Dulquer,,,1,,,,,,,,,,,Sharath Haridaasan,3.9
434,2014,Salala Mobiles,Ajay Chacko IPS,Siddique,,,,,,,,,,,1,,,Sharath Haridaasan,3.9
29,2014,Praise the Lord,Joy,Mammmootty,,,,1,,,,,,,,,,Shibu Gangadharan,3
19,2014,Koothara,Usthad Saali,Mohanlal,,,1,,,,,1,1,,,,,Srinath Rajendran,5.1
19,2014,Villali Veeran,Sidharthan,Dileep,,,1,1,,,,,,,,,,Sudheesh Sankar,2.4
431,2014,Villali Veeran,Sidharthan's Father,Siddique,,,1,1,,,,,,,,,,Sudheesh Sankar,2.4
209,2014,Pakida,George Koshi Andrapper,Biju Menon,,,,,1,,,,,,,,,Sunil Karyattukara,5.1
24,2014,7th Day,David Abhraham,Prithviraj Sukumaran,,,,,1,,,1,,,,,,Syamdhar,6.9
322,2014,Naku Penta Naku Taka,Vinay,Indrajith Sukumaran,,,1,,,,,,,,,,,Vayalar Madhavan,4.8
26,2014,Munnariyippu,CK Raghavan,Mammmootty,,,,1,1,,,,,,,,,Venu Isc,7.8
321,2014,Masala Republic,SI Shambu,Indrajith Sukumaran,,,1,,1,,,,,,,,,Vishak G S,5.2
23,2014,Cousins,Sam,Kunchacko Boban,,,1,,,,,,,,,,,Vysakh,3.3
324,2014,Cousins,Joji,Indrajith Sukumaran,,,1,,,,,,,,,,,Vysakh,3.3
525,2014,Cousins ,Poly,Suraj Venjaramoodu,,,1,,,,,,,,,,,Vysakh,3.3
21,2015,Premam,George David,Nivin Pauly,,,1,1,,,,,,,1,,,Alphonse Puthren,8.3
110,2015,Kumbasaram,Alby,Jayasurya,,,,,1,,,,,,,,,Aneesh Anwar,6.4
27,2015,Lord Livingstone 7000 Kandi,Philipose John Varkey,Kunchacko Boban,,1,,,1,,,,,,,,,Anil Radhakrishnan,5.4
108,2015,Jilebi,Sreekuttan,Jayasurya,,,1,,,,,,,1,,,,Arun Shekar,5.3
109,2015,Lukka Chuppi,Raghuram,Jayasurya,,,,1,,,,,,,,,,Bash Mohammed,6.7
212,2015,Kunjiramayanam,Manoharan,Biju Menon,,,1,,,,,,,,,,,Basil Joseph,6.5
29,2015,Valiya Chirakulla Pakshikal,Photographer,Kunchacko Boban,,,,1,,,,,,,,,,Bijukumar Damodaran,7.7
23,2015,Fireman,Vijay,Mammmootty,1,1,,,1,,,,,,,,,Deepu Karunakaran,5.8
438,2015,Fireman,Sakhav Iqbal,Siddique,,,,1,1,,,,,,,,,Deepu Karunakaran,5.8
21,2015,Acha Dhin,Durgadas,Mammmootty,,,,1,,,,,,,,,,G.Marthandan,3.2
19,2015,Oru Vadakkan Selfie,Umesh,Nivin Pauly,,,1,,1,,,,,,,,,G.Prajith,6.7
15,2015,Life of Josutty,Josutty,Dileep,,,,1,,,,,,,,,,Jeethu Joseph,6.2
521,2015,Life of Josutty,Varkey,Suraj Venjaramoodu,,,1,1,,,,,,,,,,Jeethu Joseph,6.2
13,2015,100 Days of Love,Balan K. Nair /,Dulquer,,,1,,,,,,,,1,,,Jenuse,6.6
15,2015,Lailaa O Lailaa,Jai Mohan,Mohanlal,1,,,,1,,,,,,,,,Joshiy,3.2
519,2015,Female Unnikrishnan,Unnikrishnan,Suraj Venjaramoodu,,,1,,,,,,,,,,,K.B.Madhu,4.2
20,2015,Utopiayile Rajavu,C.P. Swathanthran,Mammmootty,,,,1,,,,,,,,,,Kamal,3.4
19,2015,Double Barrel,Pancho,Prithviraj Sukumaran,1,,1,,1,,,,,,,,,Lijo Jose Pellissery,5.6
326,2015,Double Barrel,Vincy,Indrajith Sukumaran,1,,,,1,,,,,,,,,Lijo Jose Pellissery,5.6
17,2015,Kanal,John David,Mohanlal,1,,,,1,,,,,,,,,M.Padmakumar,4.7
21,2015,Picket 43,Havildar Hareendran Nair,Prithviraj Sukumaran,,,,1,1,,,,,,,,,Major Ravi,7.2
14,2015,O Kadhal Kanmani,"Aditya ""Aadhi"" Varadarajan",Dulquer,,,,,,,,,,,1,,,Mani Ratnam,7.4
15,2015,Charlie,Charlie,Dulquer,,,,1,1,,,,,,,,,Martin Prakkat,7.9
105,2015,Aadu,Shaji Pappan,Jayasurya,1,,1,,,,,,,,,,,Midhun Manuel Thomas,6.9
17,2015,Amar Akbar Antony,Amarnath,Prithviraj Sukumaran,,,1,,,1,,,,,,,,Nadirsha,6.5
107,2015,Amar Akbar Antony,Akbar,Jayasurya,,,1,,,1,,,,,,,,Nadirsha,6.5
328,2015,Amar Akbar Antony,Antony,Indrajith Sukumaran,,,1,1,,,,,,,,,,Nadirsha,6.5
435,2015,Amar Akbar Antony,C I Sethunath V.R,Siddique,,,1,1,,,,,,,,,,Nadirsha,6.5
18,2015,Ennu Ninte Moideen,B.P.Moideen,Prithviraj Sukumaran,,,,1,,,,,,,1,,1,R.S.Vimal,8
325,2015,Rasam,Balu,Indrajith Sukumaran,,,,1,,,,,,,,,,Rajeev Nath,4
217,2015,Salt Mango Tree,Aravind TP,Biju Menon,,,1,1,,,,,,,,,,Rajesh Nair,6.2
18,2015,Mili,Naveen,Nivin Pauly,,,,1,,,,,,,,,,Rajesh Pillai,6
16,2015,Loham,"Rajeev ""Raju"" Sathyamoorthy",Mohanlal,1,,,,1,,,,,,,,,Ranjith,5.2
437,2015,Loham,Muhammed Unni,Siddique,1,,,,1,,,,,,,,,Ranjith,5.2
106,2015,Su Su Sudhi Vathmeekam,Sudhi Vathmeekam,Jayasurya,,,,1,,,,,,,,,,Ranjith Shankar,7.7
28,2015,Rajamma at yahoo,Michael Rajamma,Kunchacko Boban,,,1,1,,,,,,,,,,Reghu Rama,4.2
213,2015,Anaarkkali,Zachariah,Biju Menon,,,,1,,,,,,,1,,,Sachi,6.9
16,2015,Anarkali,Shantanu,Prithviraj Sukumaran,,,,1,,,,,,,1,,,Sachy,6.9
436,2015,Pathemari,Velayudhan,Siddique,,,,1,,,,,,,,,,Salim Ahamed,8.4
19,2015,Pathemari,Pallikal Narayanan,Mammmootty,,,,1,,,,,,,,,,Salim Ahamed,8.4
24,2015,Chirakodinja Kinavukal,Thayyalkaran (Tailor)/,Kunchacko Boban,,,1,,,,,,,,,,,Santhosh Viswanath,6.2
14,2015,Ennum Eppozhum,Vineeth N. Pillai,Mohanlal,,,1,1,,,,,,,,,,Sathyan Anthikkad,5.5
16,2015,Two Countries,Ullas,Dileep,,,1,1,,,,,,,,,,Shafi,6.7
518,2015,Two Countries,Jimmy,Suraj Venjaramoodu,,,1,1,,,,,,,,,,Shafi,6.7
20,2015,Ivide,Krish Hebbar,Nivin Pauly,,,,1,,1,,,,,,,,Shyamaprasad,5.7
20,2015,Ivide ,Varun Blake,Prithviraj Sukumaran,,,,1,,1,,,,,,,,Shyamaprasad,5.7
524,2015,Chandrettan Evideya,Narayanan Ilayath,Suraj Venjaramoodu,,,1,,,,,,,,1,,,Siddharth,6
22,2015,Bhaskar the Rascal,Bhaskar,Mammmootty,,,1,1,,,,,,1,,,,Siddique,5.3
13,2015,Chandrettan Evideya,Chandramohan,Dileep,,,1,,,,,,1,,,,,Sidharth Bharathan,6
14,2015,Love 24x7,Roopesh Nambiar,Dileep,,,,,,,,,,,1,,,Sreebala.K,5.5
25,2015,Madhura Naranga,Jeevan,Kunchacko Boban,,,,1,,,,,,1,1,,,Sugeeth,6.1
215,2015,Madhura Naaranga,Salim,Biju Menon,,,,1,,,,,,,1,,,Sugeeth,6.1
523,2015,Madhura Naaranga,Kasargod Ibrahim(Icha),Suraj Venjaramoodu,,,,1,,,,,,,1,,,Sugeeth,6.1
12,2015,Ivan Maryadaraman,Raman,Dileep,,,1,,,,,,,,,,,Suresh Divakar,3.5
13,2015,Rasam,Himself,Mohanlal,,,,1,,,,,,,,,,T.Rajeevnath,4
522,2015,Jamna Pyari,S.P Sabu,Suraj Venjaramoodu,,,1,,,,,,,,,,,Thomas K.Sebastian,4.7
26,2015,Jamna Pyari,Vassoottan,Kunchacko Boban,,,1,1,,,,,,,,,,Thomas K.Sebastian,4.7
327,2015,Kohinoor,Haider,Indrajith Sukumaran,,,1,,,,,,,,,,,Vinay Govind,6.3
520,2015,Ben,Justin,Suraj Venjaramoodu,,,,1,,,,,,,,,,Vipin Atley,7.3
18,2016,Puthiya Niyamam,Adv. Louis Pothen,Mammmootty,,,,,1,,,1,,,,,,A.K.Sajan,6.5
517,2016,Aciton Hero Biju,Pavithran,Suraj Venjaramoodu,1,,,,1,,,,,,,,,Abrid Shine,7.7
22,2016,Action Hero Biju,Biju Paulose,Nivin Pauly,1,,1,,1,,,,,,,,,Abrid Shine,7.7
10,2016,Pinneyum,Purushothaman,Dileep,,,,1,,,,,,1,1,,,Adoor Gopalakrishnan,7.1
32,2016,Shajahanum Pareekuttiyum,Pranav Menon,Kunchacko Boban,,,1,,,,,,,,,,,Boban Samuel,3.8
103,2016,Shajahanum Pareekuttiyum,Prince,Jayasurya,,,1,,,,,,,,,,,Boban Samuel,3.8
514,2016,Shajahanum Pareekuttiyum,Detective Mathews,Suraj Venjaramoodu,,,1,,,,,,,,1,,,Boban Samuel,3.8
512,2016,Karinkunnam 6'S,Nelson,Suraj Venjaramoodu,,,,1,,,,,,,,,,Deepu Karunakaran,5.5
15,2016,Paavada,Joy,Prithviraj Sukumaran,,,1,1,,,,,,,,,,G.Marthandan,6.2
446,2016,Paavada,Advocate Anantharama Iyyer,Siddique,,,1,1,,,,,,,,,,G.Marthandan,6.2
24,2016,Aanandam,Akash,Nivin Pauly,,1,1,1,,,,,,,1,,,Ganesh Raj,7.2
12,2016,Oozham,Surya,Prithviraj Sukumaran,1,,,1,1,,,,,,,,,Jeethu Joseph,6
14,2016,Darvinte Parinamam,Anil Anto,Prithviraj Sukumaran,1,,1,1,,,,,,,,,,Jijo Antony,5.3
15,2016,Thoppil Joppan,Thoppil Joppan,Mammmootty,,,1,1,,,,,,,,,,Johny Antony,5.7
216,2016,Swarnakkaduva,Rini Iype Maatummel,Biju Menon,,,1,,,,,,,,,,,Jose Thomas,5.2
510,2016,Oru Muthassi Gadha,Siby,Suraj Venjaramoodu,,,1,1,,,,,,,,,,Jude Anthany Joseph,6.3
214,2016,Anuraga Karikkin Vellam,Raghu,Biju Menon,,,1,,,,,,,,1,,,Khalid Rahman,7.2
224,2016,Olappeeppi,Unni Menon,Biju Menon,,,,1,,,1,,,,,,,Krish Kaimal,7.6
9,2016,King Liar,Sathyanarayanan,Dileep,,,1,,,,,,,,,,,Lal,5.4
18,2016,Annmaria Kalippilanu,Angel,Dulquer,,,1,1,,,,,,,,,,Midhun Manuel Thomas,7.3
443,2016,Ann Maria Kalippilanu,Perungudy Baby,Siddique,,,,1,,,,,,1,,,,Midhun Manuel Thomas,7.3
439,2016,Kattappanayile Rithwik Roshan,Surendran(Sura),Siddique,,,1,,,,,,,,,,,Nadirsha,7.1
17,2016,Kasaba,Rajan Zachariah,Mammmootty,1,,,,1,1,,,,,,,,Nithin Renji Panicker,4.7
445,2016,Kasaba,I.G.Chandrashekar,Siddique,1,,,,1,,,,,,,,,Nithin Renji Panicker,4.7
11,2016,Oppam,Jayaraman,Mohanlal,1,,,,1,1,,,,,,,,Priyadarshan,7.4
441,2016,Oppam,Baputty,Siddique,,,,,1,1,,,,,,,,Priyadarshan,7.4
17,2016,Kammatipaadam,Krishnan,Dulquer,1,,,1,,,,,,,,,,Rajeev Ravi,8.1
516,2016,Kammatipaadam,Sumesh,Suraj Venjaramoodu,1,,,,1,,,,,,,,,Rajeev Ravi,8.1
30,2016,Vettah,Melvin Philip,Kunchacko Boban,,,,,1,1,,1,,,,,,Rajesh Pillai,6.8
329,2016,Vettah,ACP Zxylex Abraham,Indrajith Sukumaran,,,,,1,,,1,,,,,,Rajesh Pillai,6.8
218,2016,Leela,Kuttiyappan,Biju Menon,,,,1,,,,,,,1,,,Ranjith,3.5
101,2016,Pretham,John Don Bosco,Jayasurya,,,1,,,,,1,1,,,,,Ranjith Shankar,6.5
31,2016,Valliyum Thetti Pulliyum Thetti,Vinayan,Kunchacko Boban,1,,1,1,1,,,,,,,,,Rishi Sivakumar,3.3
33,2016,School Bus,SI Gopakumar,Kunchacko Boban,,,,1,,,,,,1,,,,Roshan Andrews,5.7
104,2016,School Bus,Joseph,Jayasurya,,,,1,,,,,,1,,,,Roshan Andrews,5.7
515,2016,Oru Murai Vanthu Parthaya,Ghost Hunter Suni,Suraj Venjaramoodu,,,,,,,,,1,,1,,,Sajan K.Mathew,5.3
102,2016,IDI-Inspector Dawood Ibrahim,Dawood Ibrahim,Jayasurya,1,,1,,1,,,,,,,,,Sajid Yahiya,4.6
16,2016,Kali,Siddharth,Dulquer,1,,,,1,,,,,,,,,Sameer Thahir,6.9
260,2016,Kochavva Paulo Ayyappa Coelho,Airline Passanger,Biju Menon,,,1,1,,,,,,,,,,Sidhartha Shiva,6.5
511,2016,Kochavva Paulo Ayyappa Coelho,Susheelan Kochettan,Suraj Venjaramoodu,,,1,1,,,,,,,,,,Sidhartha Shiva,6.5
34,2016,Kochauvva Paulo Ayyappa Coelho,Kochauvva,Kunchacko Boban,,,1,1,,,,,,,,,,Sidhartha Shiva,6.5
13,2016,James and Alice,James,Prithviraj Sukumaran,,,,1,,,,,,1,,,,Sujith Vasudev,6.4
442,2016,Welcome to Central Jail,Keshavan,Siddique,,,1,,,,,,,,1,,,Sundar Das,2.8
11,2016,Welcome to Central Jail,Unnikuttan,Dileep,,,1,,,,,,,,,,,Sundar Das,2.8
219,2016,Kavi Udeshichathu,Minnal Simon,Biju Menon,,,1,,,,,,,,,,,Liju Thomas,5.5
16,2016,White,Prakash Roy,Mammmootty,,,,,,,,,,,1,,,Uday Ananthan,3
444,2016,White,Sunnychayan,Siddique,,,,1,,,,,,,,,,Uday Ananthan,3
223,2016,Marubhoomiyile Aana,Sheikh,Biju Menon,,,1,,,,,,,,,,,V.K.Prakash,5.1
23,2016,Jacobinte Swargarajyam,Jerry Jacob,Nivin Pauly,,,,1,,,,,,1,,,1,Vineeeth Sreenivasan,7.6
513,2016,Anyarku Praveshanamilla,Valanjavazhi Shinjo,Suraj Venjaramoodu,,,1,,,,,,,,,,,Vs Jayakrishna,2.1
12,2016,Pulimurugan,Murugan,Mohanlal,1,,,,,,,,,,,,,Vysakh,6.8
440,2016,Pulimurugan,ACP Iype Zachariah,Siddique,1,,,,1,,,,,,,,,Vysakh,6.8
509,2016,Pulimurugan,Poongayi Sasi,Suraj Venjaramoodu,1,,,,1,,,,,,,,,Vysakh,6.8
11,2017,Masterpiece,Edward Livingstone/Anto Antony IPS,Mammmootty,1,,,,1,1,,1,,,,,,Ajay Vasudev,5.9
26,2017,Njandukalude Nattil Oridavela,Kurien Chacko,Nivin Pauly,,,1,,,,,,,1,1,,,Althaf Salim,7
20,2017,CIA (Comrade in America),"Aji ""Ajipan"" Mathew",Dulquer,1,1,,1,,,,,,,,,,Amal Neerad,6.5
455,2017,CIA-Comrade in America,Mathew,Siddique,1,,,,1,,,,,,,,,Amal Neerad,6.5
221,2017,Lakshyam,Mustafa,Biju Menon,,,,1,1,,,,,,,,,Anzar Khan,5.6
332,2017,Lakshyam,Vimal,Indrajith Sukumaran,,,,1,1,,,,,,,,,Anzar Khan,5.6
7,2017,Ramaleela,Ramanunni,Dileep,,,,1,1,,,,,,,,,Arun Gopy,7.4
451,2017,Ramaleela,Udayabanu,Siddique,,,,,1,,,,,,,,,Arun Gopy,7.4
10,2017,Villain,ADGP Mathew Manjooran IPS,Mohanlal,1,,,,1,1,,,,,,,,B.Unnikrishnan,6.5
450,2017,Villain,"DGP,Mathews Boss",Siddique,,,,,1,1,,,,,,,,B.Unnikrishnan,6.3
22,2017,Solo,Shekhar/ Trilok/,Dulquer,1,,,1,1,,,,,,,,,Bejoy Nambiar,7.1
330,2017,Kadu Pookkunna Neram,Police Officer,Indrajith Sukumaran,,,,1,,,,,,,,,,Bijukumar Damodaran,7.7
8,2017,Aana Alaralodalaral,Sekharankutty / Kunhikhadar,Dileep,,,1,,,,,,,,,,,Dileep Menon,3.8
506,2017,Thondimuthalum Driksakshiyum,Prasad,Suraj Venjaramoodu,,,,1,1,,,,,,,,,Dileesh Pothan,8.2
27,2017,Richie,Richard K Sayagam (Richie),Nivin Pauly,1,,,,,1,,,,,,,,Gautham Ramachandran ,5.3
225,2017,Lavakusha,Joy Cappan,Biju Menon,,,1,,,,,,,,,,,Gireesh Mano,5
14,2017,The Great Father,David Nainan,Mammmootty,1,,,1,1,1,,1,,,,,,Haneef Adeni,7.3
11,2017,Ezra,Ranjan Mathew,Prithviraj Sukumaran,,,,,1,,,1,1,,,,,Jay K,6.7
331,2017,Ezra,Narrator,Indrajith Sukumaran,,,,,1,,,,1,,,,,Jayakrishnan,6.7
7,2017,Munthirivallikal Thalirkkumbol,"Ulahannan ""Unnachan""",Mohanlal,,,1,,,,,,,1,1,,,Jibu Jacob,7.1
508,2017,Munthirivallikal Thalirkkumbol,Thilothaman,Suraj Venjaramoodu,,,,1,,,,,,1,,,,Jibu Jacob,7.1
9,2017,Adam Joan,Adam Joan Pothen,Prithviraj Sukumaran,,,,,1,,,,,,1,,,Jinu Abraham,6.5
448,2017,Sunday Holiday,Narayanankutty Varayaveli/Nakkutty,Siddique,,,1,1,,,,,,,,,,Jisjoy,7.1
10,2017,Tiyaan,Aslan Mohammad,Prithviraj Sukumaran,1,,,1,1,,,,,,,,,Jiyen Krishnakumar,6.7
333,2017,Tiyaan,Pattabhirama Giri,Indrajith Sukumaran,1,,,1,,,,,,,,,,Jiyen Krishnakumar,6.7
6,2017,Georgettan's Pooram,George,Dileep,,,1,,,,,,,,,,,K.Biju,3.8
447,2017,Achayans,Rita's Father,Siddique,,,1,,1,,,,,,,,,Kannan Thamarakkulam,3.9
9,2017,Velipadinte Pusthakam,Michael Idicula,Mohanlal,1,,1,1,,,,,,,,,,Lal Jose,4.7
453,2017,Velipadinte Pusthakam,Maathan Tharakan,Siddique,1,,,1,,,,,,,,,,Lal Jose,4.7
35,2017,Take Off,Shaheed,Kunchacko Boban,1,,,1,1,,,,,,,,,Mahesh Narayan,8.2
8,2017,1971: Beyond Borders,Col. Mahadevan / Major Sahadevan,Mohanlal,1,,,,,,,,,,,1,,Major Revi,5.4
96,2017,Aadu 2,Shaji Pappan,Jayasurya,,,1,,,,,,,,,,,Midhun Manuel Thomas,7.1
452,2017,Chunkzz,Pappachan,Siddique,,,1,,,,,,,,,,,Omar Lulu,5.7
8,2017,Vimaanam,Venkidi,Prithviraj Sukumaran,,,,1,,,,,,,,,,Pradeep M Nair,6.7
449,2017,Role Models,Sherya's Father,Siddique,,,,1,,,,,,,1,,,Raffi,5
505,2017,Role Models, News Reporter,Suraj Venjaramoodu,,,,1,,,,,,,1,,,Raffi,5
220,2017,Rakshaadhikaari Baiju(Oppu),Baiju Kumbalam,Biju Menon,,,1,1,,,,,,,,,,Ranjan Pramod,7.3
13,2017,Puthan Panam,Nithyananda Shenoy,Mammmootty,1,,,,1,1,,,,,,,,Ranjith,5.9
456,2017,Puthan Panam,C.I.Habeeb Rahman,Siddique,,,,,1,1,,,,,,,,Ranjith,5.9
36,2017,Ramante Eden Thottam,Ram Menon aka Raman,Kunchacko Boban,,,1,1,,,,,,,1,,,Ranjith Shankar,6
97,2017,Punyalan Private Limited,Joy Thakkkolkaaran,Jayasurya,,,1,,,,,,,,,,,Ranjith Shankar,6.2
99,2017,Ramante Edanthottam,Himself,Jayasurya,,,1,1,,,,,,,1,,,Ranjith Shankar,6
454,2017,Adventures of Omanakuttan,Chandrasekhar,Siddique,,,1,,1,,,,,,,,,Rohith VS,6.2
19,2017,Jomonte Suvisheshangal,Jomon T Vincent,Dulquer,,,1,1,,,,,,1,,,,Sathyan Anthikkad,6.7
226,2017,Sherlock Toms,Toms,Biju Menon,,,1,,,,,,,,,,,Shafi,5.4
98,2017,Honey Bee 2.5,Himself,Jayasurya,,,,1,,,,,,,1,,,Shyju Anthikkad,5
504,2017,Varnayathil Aashanka,Dayanandhan,Suraj Venjaramoodu,,,1,,,,,,,,,,,Siddharth,6.7
100,2017,Fukri,Lucky,Jayasurya,,,1,1,,,,,,1,,,,Siddique,4.6
457,2017,Fukri,Sulaiman Fukri,Siddique,,,1,1,,,,,,,,,,Siddique,4.6
37,2017,Varnyathil Aashanka,Koutta Sivan,Kunchacko Boban,,,1,,,,,,,,,,,Sidharth Bharathan,6.7
25,2017,Sakhavu,Krishnakumar & Sakhavu Krishnan,Nivin Pauly,,,1,1,,,,,,,,,,Sidhartha Shiva,6.2
21,2017,Parava,Imran,Dulquer,1,,1,1,,,,,,,,,,Soubin Shahir,8.1
507,2017,Aby,Xavier,Suraj Venjaramoodu,,,1,1,,,,,,,,,,Srikant Murali,6
12,2017,Pullikkaran Staraa,K. Rajakumaran,Mammmootty,,,,1,,,,,,,,,,Syamdhar,5.5
500,2018,Neerali,Veerappa,Suraj Venjaramoodu,,1,,,1,,,,,,,,,Ajay Varma,5.6
24,2018,Karwaan,Avinash Rajpurohit,Dulquer,,,1,1,,,,,,,,,,Akarsh,7.5
38,2018,Diwanjimoola Grand Prix,Sajan Joseph IAS,Kunchacko Boban,,,1,,1,,,,,,,,,Anil Radhakrishnan,4.8
6,2018,Koode,Joshua Thomas,Prithviraj Sukumaran,,,,1,,,,,1,,,,,Anjali Menon,7.6
5,2018,Savaari,Himself,Dileep,,,,1,,,,,,,,,,Asok Nair,8.1
499,2018,Theevandi,Madhu,Suraj Venjaramoodu,,,1,1,,,,,,,,,,Fellini T.P,6.6
43,2018,Johny Johny Yes Appa,Johny,Kunchacko Boban,,,1,,,,,,,,,,,G.Marthandan,4.9
7,2018,Uncle,Krishna Kumar,Mammmootty,,,,1,,,,,,,,,,Gireesh Damodar,6.4
502,2018,Kuttanpillayude Sivarathri,Kuttan Pillai,Suraj Venjaramoodu,,,1,1,,,,,,,,,,Jean Markose,6.5
458,2018,Aadhi,Mohan Varma,Siddique,1,,,,1,,,,,,,,,Jeethu Joseph,6.7
44,2018,Thattumpurath Achuthan,Achuthan,Kunchacko Boban,,,1,1,,,,,,,,,,Lal Jose,4.9
184,2018,Aakashamittai,Jayashankar,Jayaram,,,1,1,,,,,,,,,,M.Padmakumar,7.1
464,2018,Oru Kuprasidha Payyan,Bharathan,Siddique,1,,,,1,,,,,,,,,Madhupal,7
23,2018,Mahanati,Gemini Ganesan,Dulquer,,,,1,,,,,,,,,,Nag Ashwin,8.5
5,2018,Ranam,Aadhi,Prithviraj Sukumaran,1,,,1,,1,,,,,,,,Nirmal Sahadev,6.5
95,2018,Captian,V.P.Sathyan,Jayasurya,,,,,,,,,,,,,1,Prajesh Sen,7
460,2018,Captian,Maithram,Siddique,,,,1,,,,,,,,,,Prajesh Sen,7
227,2018,Oraayiram Kinaakkalaal,Sreeram,Biju Menon,,,1,,,,,,,,,,,Pramod Mohan,5.9
228,2018,Padayottam,Chengal Raghu,Biju Menon,,,,,,1,,,,,,,,Rafeek Ibrahim,6.2
10,2018,Peranbu,Amudhavan,Mammmootty,,,,1,,,,,,,,,,Ram,8.9
41,2018,Panchavarnathatha,MLA Kalesh,Kunchacko Boban,,,1,,,,,,,,,,,Ramesh Pisharody,5.7
183,2018,Panchavarnathatha,Vijayan Joseph Muhammed,Jayaram,,,1,,,,,,,,,,,Ramesh Pisharody,5.7
5,2018,Drama,Rajagopal,Mohanlal,,,1,1,,,,,,,,,,Ranjith,4.4
93,2018,Pretham 2,John Don Bosco,Jayasurya,,,1,,,,,1,1,,,,,Ranjith Shankar,5.4
94,2018,Njan Marykutty,Marykutty,Jayasurya,,,,1,,,,,,,,,,Ranjith Shankar,7.1
501,2018,Njan Marykutty,Manoj Vaidyan,Suraj Venjaramoodu,,,1,1,,,,,,,,,,Ranjith Shankar,7.1
4,2018,Kammara Sambhavam,Kammaran Nambiar and Himself,Dileep,1,,1,1,1,,1,,,,,1,,Rathish Ambat,7.3
461,2018,Kammara Sambhavam,Bose Kammaran,Siddique,1,,,1,,,,,,,,,,Rathish Ambat,7.3
463,2018,Iblis,Jabbar,Siddique,,1,1,,,,,,,,,,,Rohith VS,6.5
4,2018,Kayamkulam Kochunni,Ithikkara Pakki,Mohanlal,1,,,1,,,1,,,,,,,Roshan Andrews,7
29,2018,Kayamkulam Kochunni,Kayamkulam Kochunni,Nivin Pauly,1,,,1,,,1,,,,,,,Roshan Andrews,7
7,2018,My Story,Jay,Prithviraj Sukumaran,,,,1,,,,,,,1,,,Roshni Dinaker,4.5
334,2018,Mohanlal,Sethumadhavan,Indrajith Sukumaran,,,1,1,,,,,,,,,,Sajid Yahiya,4.6
462,2018,Mohanlal,Doctor,Siddique,,,1,1,,,,,,,,,,Sajid Yahiya,4.6
3,2018,Neerali,Sunny George,Mohanlal,1,1,,1,,,,,,,,,,Saju Thomas,5.6
5,2018,Oru Kuttanadan Blog,Nediyedath Hari,Mammmootty,,,,1,,,,,,,,,,Sethu,4.6
6,2018,Abrahaminte Santhathikal,Derick Abraham,Mammmootty,1,,,,1,1,,,,,,,,Shaji Padoor,7.5
9,2018,Street Lights,CI James Abraham,Mammmootty,,,,,1,1,,,,,,,,Shamdat Sainudeen,6.6
8,2018,Parole,Comrade Alex,Mammmootty,,,,1,,,,,,,,,,Sharrath Sandith,5.3
503,2018,Parole,Varghese,Suraj Venjaramoodu,,,,1,,,,,,,,,,Sharrath Sandith,5.3
459,2018,Hey Jude,Dominic Rodrigue,Siddique,,,,1,,,,,,,,,,ShyamaPrasad,6.9
28,2018,Hey Jude,Jude Rodriguez,Nivin Pauly,,,,1,,,,,,,,,,Shyamaprasad,6.9
42,2018,Mangalyam Thanthunanena,Royichan,Kunchacko Boban,,,1,,,,,,,1,,,,Soumya,5
40,2018,Kuttanadan Marpappa,John Paul aka Marpappa,Kunchacko Boban,,,1,1,,,,,,,,,,Sreejith Vijayan,5.1
39,2018,Shikkari Shambhu,Peelipose aka Peeli,Kunchacko Boban,,,1,,,,,1,,,,,,Sugeeth,5.6
232,2018,Aanakkallan,Pavithran,Biju Menon,,,1,,,,,,,,,,,Suresh Divakar,5.1
6,2018,Odiyan,Odiyan Manickyan,Mohanlal,1,,,1,1,,,,1,,,,,V.A.Shrikumar,5.5
465,2018,Odiyan,Damodharan Nair,Siddique,,,,1,1,,,,,,,,,V.A.Shrikumar,5.5
222,2018,Rosappoo,Shanu,Biju Menon,,,1,,,,,,,,,,,Vinu Joseph,3.4
46,2019,Virus,Dr. Suresh Rajan,Kunchacko Boban,,,,1,1,,,,,,,,,Aashiq Abu,7.9
336,2019,Virus,Dr.Baburaj,Indrajith Sukumaran,,,,1,1,,,,,,,,,Aashiq Abu,7.9
26,2019,The Zoya Factor,Nikhil Khoda,Dulquer,,,1,1,,,,,,,1,,,Abhishek,4.2
181,2019,My Great Grandfather,Michael,Jayaram,,,1,1,,,,,,,,,,Aneesh Anwar,4.7
469,2019,Irupathiyonnaam Noottaandu,Father,Siddique,1,,,,,,,,,,1,,,Arun Gopy,3.3
25,2019,Oru Yamandan Premakadha,Lallu (Mohanlal John Kombanayil),Dulquer,,,1,1,,,,,,,1,,,B.C.Noufal,5.3
494,2019,Oru Yamandan Premakadha,Francis,Suraj Venjaramoodu,,,1,1,,,,,,,,,,B.C.Noufal,5.3
0,2019,Kodathi Samaksham Balan Vakeel,Adv Balakrishnan,Dileep,,,1,,1,1,,1,,,,,,B.Unnikrishnan,5.8
470,2019,Kodathi Samaksham Balan Vakkeel,Somasekharan Pillai,Siddique,,,,1,,1,,,,,,,,B.Unnikrishnan,5.8
496,2019,Kodathi Samaksham Balan Vakkeel,P Mohanan Pillai SI ,Suraj Venjaramoodu,,,,1,,1,,,,,,,,B.Unnikrishnan,5.8
45,2019,Allu Ramendran,Ramendran,Kunchacko Boban,,,1,1,,,,,,,,,,Bilahari,5.6
31,2019,Love Action Drama,Dineshan,Nivin Pauly,,,1,,,,,,,,1,,,Dhyan Sreenivasan,5.2
488,2019,Chila NewGen Nattuvisheshangal,Nair,Suraj Venjaramoodu,,,1,1,,,,,,,,,,East Coast Vijayan,4
490,2019,Vikruthi,Eldo,Suraj Venjaramoodu,,,1,1,,,,,,,,,,Emcy Joseph,7.4
230,2019,Sathyam Parnjaa Vishwasikkuvo,Suni,Biju Menon,,,1,1,,,,,,,,,,G Prajith,5.7
92,2019,Puzhikadakan,District Collector,Jayasurya,,,,1,,,,,,,,,,Girish Nair,5.7
467,2019,Mikhael,George Peter,Siddique,1,,,,1,,,,,,,,,Haneef Adeni,5
498,2019,Mikhael,Police Officer-Issac,Suraj Venjaramoodu,1,,,,1,,,,,,,,,Haneef Adeni,5
30,2019,Mikhael,Dr.John Mikhael,Nivin Pauly,1,,,,1,,,,,,,,,Haneef Adeni,5
1,2019,Driving Licence,Super Star Hareendran,Prithviraj Sukumaran,,,1,1,1,,,,,,,,,Jean Paul Lal,7.2
486,2019,Driving Licence,Kuruvila,Suraj Venjaramoodu,,,1,1,,,,,,,,,,Jean Paul Lal,7.2
3,2019,My Santa,Santa Claus / Abel Abraham Thekkan,Dileep,,,1,1,,,,,1,,,,,Jemin Cyriac,6.1
4,2019,Nine,Albert Lewis and as his Father,Prithviraj Sukumaran,,,,,,,,1,1,,,,,Jenuse Mohammed,7
2,2019,Ittymaani: Made in China,Ittymaani / Ittymaathan,Mohanlal,0,0,1,1,,,,,,,,,,Jibi Joju,4.6
474,2019,Ittymaani:Made in China,Fr.John Paul,Siddique,,,1,1,,,,,,,,,,Jibi Joju,4.6
229,2019,Aadyaraathri,Manoharan,Biju Menon,,,1,1,,,,,,,,,,Jibu Jacob,4.7
466,2019,Vijay Superum Pournamiyum,Chandramohan,Siddique,,,1,1,,,,,,,,,,Jisjoy,7.2
2,2019,Brother's Day,Ronnie,Prithviraj Sukumaran,1,,1,,,,,,,,1,,,Kalabhavan Shajohn,4.5
3,2019,Unda,S. I. Manikandan C.P.,Mammmootty,1,,1,,1,,,,,,,,,Khalid Rahman,7.9
337,2019,Thakkol,Fr.Ambrose Vas Pochampalli,Indrajith Sukumaran,,,,1,1,,,,,,,,,Kiron Prabhakaran,5.4
234,2019,Naalpathiyonnu,Ullas,Biju Menon,,,,1,,,,,,,1,,,Lal Jose,5.4
182,2019,Lonappante Mamodeesa,Lonappan,Jayaram,,,1,1,,,,,,,,,,Leo Thaddeus,5.9
0,2019,Mamangam,Chandroth Valiya Panicker,Mammmootty,1,,,1,,,1,,,,,1,,M.Padmakumar,6.4
478,2019,Mamangam,Thalachennor,Siddique,1,,,1,,,,,,,,,,M.Padmakumar,6.4
472,2019,Uyare,Raveendran,Siddique,,,,1,,,,,,,,,,Manu Ashokan,8
233,2019,Mera Naam Shaji,Shaji Usman,Biju Menon,,,1,,,,,,,,1,,,Nadirsha,4.6
468,2019,Oru Adaar Love,Police Officer,Siddique,,,,,,,,,,,1,,,Omar Lulu,5.5
491,2019,Finals,Varghese,Suraj Venjaramoodu,,,,1,,,,,,,,,,P.R.Arun,3.5
1,2019,Lucifer,Stephen Nedumpally / Khureshi Ab'ram,Mohanlal,1,0,,1,0,1,,,,,,,,Prithviraj Sukumaran,7.5
335,2019,Lucifer,Govardhan,Indrajith Sukumaran,1,,,1,,,,,,,,,,Prithviraj Sukumaran,7.5
91,2019,Thrissur Pooram,Pullu Giri,Jayasurya,1,,,1,1,,,,,,,,,Rajesh Mohanan,5
487,2019,Jimmy Ee Veedinte Aishwaryam,,Suraj Venjaramoodu,,,1,1,,,,,,,,,,Raju Chandra,6.4
1,2019,Ganagandharvan,Kalasadhan Ullas,Mammmootty,,,1,1,,,,,,,,,,Ramesh Pisharody,6.3
475,2019,Gaanagandharvan,Adv.Manoj,Siddique,,,1,1,,,,,,,,,,Ramesh Pisharody,6.3
497,2019,Pernabu,Murugan,Suraj Venjaramoodu,,,,1,,,,,,,,,,Ramesh Pisharody,8.9
489,2019,Android Kunjappan Version 5.25,Bhaskara Poduval,Suraj Venjaramoodu,,,1,1,,,,,,,,,,Ratheesh Balakrishnan Poduval,8.2
2,2019,Jack & Daniel,Jack,Dileep,1,,,,1,,,,,,,,,S.L.Puram Jayasurya,4.4
180,2019,Macroni Mathai,Macroni Mathai,Jayaram,,,1,,,1,,,,,,,,Sanil Kalathil,4.8
2,2019,Pathinettam Padi,John Abraham Palackal,Mammmootty,1,,,1,1,,,,,,,,,Shankar Ramakrishnan,6
3,2019,Pathinettam Padi,Aswin Vasudev,Prithviraj Sukumaran,1,,,1,1,,,,,,,,,Shankar Ramakrishnan,6
493,2019,Pathinettaam Padi,Kaniyapuram Narendra,Suraj Venjaramoodu,1,,,1,,,,,,,,,,Shankar Ramakrishnan,6
476,2019,Happy Sardar,Joysy Kochara,Siddique,,,1,,,,,,,,,,,Sudip Joshy,3.4
479,2019,My Santa,Paul Pappan,Siddique,,,1,1,,,,,,,,,,Sugeeth,6.1
477,2019,Ulta,AGDP Mohan Rajeev IPS,Siddique,,,1,1,,,,,,,,,,Suresh Poduval,6.8
1,2019,Subharathri,Krishnan,Dileep,,,,1,,,,,,,1,,,Vyasan K.P,5.9
473,2019,Subharathri,Muhammed,Siddique,,,,1,,,,,,,1,,,Vyasan K.P,5.9
492,2019,Shubarathri,Adv.Harikumar,Suraj Venjaramoodu,,,,1,,,,,,1,,,,Vyasan K.P,5.9
4,2019,Madhura Raja,'Madhura' Raja,Mammmootty,1,,1,1,,,,,,,,,,Vysakh,6.6
471,2019,Madhura Raja,Rajendra Babu IPS,Siddique,1,,,1,,,,,,,,,,Vysakh,6.6
495,2019,Madhura Raja,Idivettu Sugunan,Suraj Venjaramoodu,1,,,1,,,,,,,,,,Vysakh,6.6
482,2020,Shylock,Commissioner Felix John IPS,Siddique,1,,,1,,,,,,,,,,Ajai Vasudev,5.7
27,2020,Varane Avashyamund,Bibeesh. B / Fraud,Dulquer,,,,1,,,,,1,,1,,,Anoop Sathyan,6.9
28,2020,Kannum Kannum Kollaiyadithaal,Siddharth,Dulquer,,,,1,1,,,,,,1,,,Desingh Periyasamy,7.7
481,2020,Uriyadi,SI Ravisankhar,Siddique,,,1,1,,,,,,,,,,John Varghese,4.9
47,2020,Anjaam Pathiraa,Dr. Anwar Hussain,Kunchacko Boban,,,,,1,1,,1,,,,,,Midhun Manuel Thomas,8
90,2020,Anveshanam,Aravind,Jayasurya,,,,1,1,,,1,,,,,,Prashobh Vijayan,6
231,2020,Ayyappanum Koshiyum,Ayyappan Nair,Biju Menon,,,,1,1,,,,,,,,,Sachi,7.9
0,2020,Ayappanum Koshiyum,Koshi Kurian,Prithviraj Sukumaran,1,,,1,1,,,,,,,,,Sachy,7.9
89,2020,Sufiyum Sujathayum,Rajeev,Jayasurya,,,,1,,,,,,,1,,,Shanavas Naranipuzha,5.5
483,2020,Sufiyum Sujathayum,Sujata's Father,Siddique,,,,1,,,,,,,1,,,Shanavas Naranipuzha,5.5
0,2020,Big Brother,Sachidanandan,Mohanlal,1,0,,1,1,,,,,,,,,Siddique,3.3
480,2020,Big Brother,Shetty,Siddique,1,,,,1,,,,,,,,,Siddique,3.3
338,2020,Halal Love Story,Shereef,Indrajith Sukumaran,,,1,1,,,,,,,,,,Zakariya Mohammed,6.2
485,2021,The Great Indian Kitchen,,Suraj Venjaramoodu,,,,1,,,,,,,,,,Jeo Baby,8.4
88,2021,Vellam:The Essential Drink,Murali,Jayasurya,,,,1,,,,,,,,,1,Prajesh Sen,7.6
484,2021,Vellam:The Essential Drink,Dr.Subramanyam,Siddique,,,,1,,,,,,,,,,Prajesh Sen,7.6
